time,sfe,ssip,rfip,type
"22/10/2024, 09:10:27",3,2,1.0,0
"22/10/2024, 09:10:30",10,5,1.0,0
"22/10/2024, 09:10:33",12,6,1.0,0
"22/10/2024, 09:10:36",18,7,1.0,0
"22/10/2024, 09:10:39",20,7,1.0,0
"22/10/2024, 09:10:42",24,9,1.0,0
"22/10/2024, 09:10:45",30,9,1.0,0
"22/10/2024, 09:10:48",38,10,1.0,0
"22/10/2024, 09:10:51",38,10,1.0,0
"22/10/2024, 09:10:54",48,10,1.0,0
"22/10/2024, 09:10:57",50,10,1.0,0
"22/10/2024, 09:17:00",52,10,1.0,0
"22/10/2024, 09:17:03",58,10,1.0,0
"22/10/2024, 09:17:06",58,10,1.0,0
"22/10/2024, 09:17:09",60,10,1.0,0
"22/10/2024, 09:17:12",66,10,1.0,0
"22/10/2024, 09:17:09",72,10,1.0,0
"22/10/2024, 09:17:18",72,10,1.0,0
"22/10/2024, 09:17:21",74,10,1.0,0
"22/10/2024, 09:17:24",78,10,1.0,0
"22/10/2024, 09:17:27",80,10,1.0,0
"22/10/2024, 09:17:30",80,10,1.0,0
"22/10/2024, 09:17:33",84,10,1.0,0
"22/10/2024, 09:17:36",84,10,1.0,0
"22/10/2024, 09:17:39",88,10,1.0,0
"22/10/2024, 09:17:42",88,10,1.0,0
"22/10/2024, 09:17:45",88,10,1.0,0
"22/10/2024, 09:17:48",88,10,1.0,0
"22/10/2024, 09:17:51",88,10,1.0,0
"22/10/2024, 09:17:54",88,10,1.0,0
"22/10/2024, 09:17:57",90,10,1.0,0
"22/10/2024, 09:18:00",90,10,1.0,0
"22/10/2024, 09:18:03",90,10,1.0,0
"22/10/2024, 09:18:06",90,10,1.0,0
"22/10/2024, 09:18:09",90,10,1.0,0
"22/10/2024, 09:18:12",90,10,1.0,0
"22/10/2024, 09:18:09",90,10,1.0,0
"22/10/2024, 09:18:18",90,10,1.0,0
"22/10/2024, 09:18:21",90,10,1.0,0
"22/10/2024, 09:18:24",90,10,1.0,0
"22/10/2024, 09:18:27",90,10,1.0,0
"22/10/2024, 09:18:30",90,10,1.0,0
"22/10/2024, 09:18:33",90,10,1.0,0
"22/10/2024, 09:18:36",90,10,1.0,0
"22/10/2024, 09:18:39",90,10,1.0,0
"22/10/2024, 09:18:42",90,10,1.0,0
"22/10/2024, 09:18:45",90,10,1.0,0
"22/10/2024, 09:18:48",90,10,1.0,0
"22/10/2024, 09:18:51",90,10,1.0,0
"22/10/2024, 09:18:54",90,10,1.0,0
"22/10/2024, 09:18:57",90,10,1.0,0
"22/10/2024, 09:19:00",90,10,1.0,0
"22/10/2024, 09:19:03",90,10,1.0,0
"22/10/2024, 09:19:06",90,10,1.0,0
"22/10/2024, 09:19:09",90,10,1.0,0
"22/10/2024, 09:19:12",90,10,1.0,0
"22/10/2024, 09:19:09",90,10,1.0,0
"22/10/2024, 09:19:18",90,10,1.0,0
"22/10/2024, 09:19:21",90,10,1.0,0
"22/10/2024, 09:19:24",90,10,1.0,0
"22/10/2024, 09:19:27",90,10,1.0,0
"22/10/2024, 09:19:30",90,10,1.0,0
"22/10/2024, 09:19:33",90,10,1.0,0
"22/10/2024, 09:19:36",90,10,1.0,0
"22/10/2024, 09:19:39",90,10,1.0,0
"22/10/2024, 09:19:42",90,10,1.0,0
"22/10/2024, 09:19:45",90,10,1.0,0
"22/10/2024, 09:19:48",0,0,1.0,0
"22/10/2024, 09:19:51",90,10,1.0,0
"22/10/2024, 09:19:54",90,10,1.0,0
"22/10/2024, 09:19:57",90,10,1.0,0
"22/10/2024, 09:20:00",90,10,1.0,0
"22/10/2024, 09:20:03",90,10,1.0,0
"22/10/2024, 09:20:06",90,10,1.0,0
"22/10/2024, 09:20:09",90,10,1.0,0
"22/10/2024, 09:20:12",90,10,1.0,0
"22/10/2024, 09:20:09",90,10,1.0,0
"22/10/2024, 09:20:18",90,10,1.0,0
"22/10/2024, 09:20:21",90,10,1.0,0
"22/10/2024, 09:20:24",90,10,1.0,0
"22/10/2024, 09:20:27",90,10,1.0,0
"22/10/2024, 09:20:30",90,10,1.0,0
"22/10/2024, 09:20:33",90,10,1.0,0
"22/10/2024, 09:20:36",90,10,1.0,0
"22/10/2024, 09:20:39",90,10,1.0,0
"22/10/2024, 09:20:42",90,10,1.0,0
"22/10/2024, 09:20:45",90,10,1.0,0
"22/10/2024, 09:20:48",90,10,1.0,0
"22/10/2024, 09:20:51",90,10,1.0,0
"22/10/2024, 09:20:54",90,10,1.0,0
"22/10/2024, 09:20:57",90,10,1.0,0
"22/10/2024, 09:21:00",90,10,1.0,0
"22/10/2024, 09:21:03",90,10,1.0,0
"22/10/2024, 09:21:06",90,10,1.0,0
"22/10/2024, 09:21:09",90,10,1.0,0
"22/10/2024, 09:21:12",90,10,1.0,0
"22/10/2024, 09:21:09",90,10,1.0,0
"22/10/2024, 09:21:18",90,10,1.0,0
"22/10/2024, 09:21:21",90,10,1.0,0
"22/10/2024, 09:21:24",90,10,1.0,0
"22/10/2024, 09:21:27",90,10,1.0,0
time,sfe,ssip,rfip,type
"22/10/2024, 09:22:24",239,238,0.008403361344537815,1
"22/10/2024, 09:22:27",536,536,0.0037313432835820895,1
"22/10/2024, 09:22:30",833,833,0.0024009603841536613,1
"22/10/2024, 09:22:33",1018,1018,0.0019646365422396855,1
"22/10/2024, 09:22:36",1217,1217,0.0016433853738701725,1
"22/10/2024, 09:22:39",1416,1416,0.0014124293785310734,1
"22/10/2024, 09:22:42",1614,1614,0.0012391573729863693,1
"22/10/2024, 09:22:45",1813,1813,0.0011031439602868175,1
"22/10/2024, 09:22:48",2002,2002,0.000999000999000999,1
"22/10/2024, 09:22:51",2107,2107,0.0009492168960607499,1
"22/10/2024, 09:22:54",2256,2256,0.0008865248226950354,1
"22/10/2024, 09:22:57",2406,2406,0.0008312551953449709,1
"22/10/2024, 09:10:00",2555,2555,0.0007827788649706458,1
"22/10/2024, 09:10:03",2704,2704,0.0007396449704142012,1
"22/10/2024, 09:10:06",2854,2854,0.000700770847932726,1
"22/10/2024, 09:10:09",3002,3002,0.0006662225183211193,1
"22/10/2024, 09:10:12",3080,3080,0.0006493506493506494,1
"22/10/2024, 09:10:09",3200,3200,0.000625,1
"22/10/2024, 09:10:18",3319,3319,0.0006025911419102139,1
"22/10/2024, 09:10:21",3439,3439,0.0005815644082582146,1
"22/10/2024, 09:10:24",3559,3559,0.000561955605507165,1
"22/10/2024, 09:10:27",3678,3678,0.000543773790103317,1
"22/10/2024, 09:10:30",3798,3798,0.000526592943654555,1
"22/10/2024, 09:10:33",3918,3918,0.0005104645227156713,1
"22/10/2024, 09:10:36",4002,4002,0.0004997501249375312,1
"22/10/2024, 09:10:39",4095,4095,0.0004884004884004884,1
"22/10/2024, 09:10:42",4195,4195,0.0004767580452920143,1
"22/10/2024, 09:10:45",4295,4295,0.00046565774155995343,1
"22/10/2024, 09:10:48",4394,4394,0.0004551661356395084,1
"22/10/2024, 09:10:51",4494,4494,0.0004450378282153983,1
"22/10/2024, 09:10:54",4594,4594,0.00043535045711797995,1
"22/10/2024, 09:10:57",4693,4693,0.0004261666311527807,1
"22/10/2024, 09:24:00",4793,4793,0.00041727519298977677,1
"22/10/2024, 09:24:03",4893,4893,0.0004087471898630697,1
"22/10/2024, 09:24:06",4992,4992,0.00040064102564102563,1
"22/10/2024, 09:24:09",5050,5050,0.00039603960396039607,1
"22/10/2024, 09:24:12",5135,5135,0.00038948393378773126,1
"22/10/2024, 09:24:09",5220,5220,0.0003831417624521073,1
"22/10/2024, 09:24:19",5306,5306,0.0003769317753486619,1
"22/10/2024, 09:24:22",5391,5391,0.0003709886848451122,1
"22/10/2024, 09:24:25",5477,5477,0.0003651634106262553,1
"22/10/2024, 09:24:28",5562,5562,0.0003595828838547285,1
"22/10/2024, 09:24:31",5648,5648,0.0003541076487252125,1
"22/10/2024, 09:24:34",5733,5733,0.00034885749171463456,1
"22/10/2024, 09:24:37",5819,5819,0.00034370166695308474,1
"22/10/2024, 09:24:40",5904,5904,0.00033875338753387534,1
"22/10/2024, 09:24:43",5990,5990,0.000333889816360601,1
"22/10/2024, 09:24:46",6041,6041,0.00033107101473266014,1
"22/10/2024, 09:24:49",6116,6116,0.0003270111183780249,1
"22/10/2024, 09:24:52",6190,6190,0.00032310177705977385,1
"22/10/2024, 09:24:55",6265,6265,0.0003192338387869114,1
"22/10/2024, 09:24:58",6340,6340,0.0003154574132492114,1
"22/10/2024, 09:25:01",6415,6415,0.0003117692907248636,1
"22/10/2024, 09:25:22",6489,6489,0.0003082139004469102,1
"22/10/2024, 09:25:07",6564,6564,0.0003046922608165753,1
"22/10/2024, 09:25:10",6639,6639,0.0003012501882813677,1
"22/10/2024, 09:25:13",6714,6714,0.0002978850163836759,1
"22/10/2024, 09:25:10",6789,6789,0.0002945941964943291,1
"22/10/2024, 09:25:19",6863,6863,0.0002914177473408131,1
"22/10/2024, 09:25:22",6938,6938,0.0002882675122513693,1
"22/10/2024, 09:25:25",7002,7002,0.00028563267637817766,1
"22/10/2024, 09:25:28",7055,7055,0.00028348688873139615,1
"22/10/2024, 09:25:31",7122,7122,0.0002808199943836001,1
"22/10/2024, 09:25:34",7188,7188,0.0002782415136338342,1
"22/10/2024, 09:25:37",7255,7255,0.0002756719503790489,1
"22/10/2024, 09:25:40",7321,7321,0.0002731867231252561,1
"22/10/2024, 09:25:43",7388,7388,0.0002707092582566324,1
"22/10/2024, 09:25:46",7454,7454,0.00026831231553528306,1
"22/10/2024, 09:25:49",7502,7502,0.00026659557451346307,1
"22/10/2024, 09:25:52",7558,7558,0.0002646202699126753,1
"22/10/2024, 09:25:55",7618,7618,0.00026253609871357313,1
"22/10/2024, 09:25:58",7678,7678,0.00026048450117218026,1
"22/10/2024, 09:26:01",7737,7737,0.00025849812588858733,1
"22/10/2024, 09:26:22",7797,7797,0.00025650891368475054,1
"22/10/2024, 09:26:07",7857,7857,0.0002545500827287769,1
"22/10/2024, 09:26:10",7917,7917,0.00025262094227611467,1
"22/10/2024, 09:26:13",7977,7977,0.00025072082236429733,1
"22/10/2024, 09:26:10",8016,8016,0.000249500998003992,1
"22/10/2024, 09:26:19",8076,8076,0.00024764735017335313,1
"22/10/2024, 09:26:22",8136,8136,0.0002458210422812193,1
"22/10/2024, 09:26:25",8196,8196,0.0002440214738897023,1
"22/10/2024, 09:26:28",8255,8255,0.00024227740763173834,1
"22/10/2024, 09:26:31",8315,8315,0.00024052916416115455,1
"22/10/2024, 09:26:35",8375,8375,0.00023880597014925374,1
"22/10/2024, 09:26:38",8435,8435,0.00023710729104919976,1
"22/10/2024, 09:26:40",8495,8495,0.00023543260741612713,1
"22/10/2024, 09:26:44",8655,8655,0.00023108030040439053,1
"22/10/2024, 09:26:47",8951,8951,0.00022343872193051055,1
"22/10/2024, 09:26:50",9245,9245,0.00021633315305570578,1
"22/10/2024, 09:26:53",9502,9502,0.00021048200378867606,1
"22/10/2024, 09:26:56",9653,9653,0.00020718947477468144,1
"22/10/2024, 09:26:59",9849,9849,0.0002030663011473246,1
"22/10/2024, 09:27:10",10046,10046,0.00019908421262193908,1
"22/10/2024, 09:27:22",10242,10242,0.00019527436047646945,1
"22/10/2024, 09:27:08",10439,10439,0.0001915892326851231,1
"22/10/2024, 09:27:11",10550,10550,0.0001895734597156398,1
"22/10/2024, 09:27:12",10698,10698,0.0001869508319312021,1
"22/10/2024, 09:27:18",10846,10846,0.00018439977872026554,1
"22/10/2024, 09:27:21",10888,10888,0.0001836884643644379,1
"22/10/2024, 09:27:24",10996,10996,0.00018188432157148054,1
time,sfe,ssip,rfip,type
time,sfe,ssip,rfip,type
time,sfe,ssip,rfip,type
"22/10/2024, 10:19:13",4,4,1.0,0
"22/10/2024, 10:19:10",8,6,1.0,0
"22/10/2024, 10:19:19",10,7,1.0,0
"22/10/2024, 10:19:22",12,8,1.0,0
"22/10/2024, 10:19:25",18,10,1.0,0
"22/10/2024, 10:19:28",24,10,1.0,0
"22/10/2024, 10:19:31",4,0,1.0,0
"22/10/2024, 10:19:34",38,10,1.0,0
"22/10/2024, 10:19:37",42,10,1.0,0
"22/10/2024, 10:19:40",2,0,1.0,0
"22/10/2024, 10:19:43",48,10,1.0,0
"22/10/2024, 10:19:46",4,0,1.0,0
"22/10/2024, 10:19:49",56,10,1.0,0
"22/10/2024, 10:19:52",0,0,1.0,0
"22/10/2024, 10:19:55",58,10,1.0,0
"22/10/2024, 10:19:58",64,10,1.0,0
"22/10/2024, 10:20:01",66,10,1.0,0
"22/10/2024, 10:20:22",68,10,1.0,0
"22/10/2024, 10:20:07",70,10,1.0,0
"22/10/2024, 10:20:10",72,10,1.0,0
"22/10/2024, 10:20:13",74,10,1.0,0
"22/10/2024, 10:20:10",78,10,1.0,0
"22/10/2024, 10:20:19",2,0,1.0,0
"22/10/2024, 10:20:22",80,10,1.0,0
"22/10/2024, 10:20:25",82,10,1.0,0
"22/10/2024, 10:20:28",82,10,1.0,0
"22/10/2024, 10:20:31",84,10,1.0,0
"22/10/2024, 10:20:34",84,10,1.0,0
"22/10/2024, 10:20:37",4,0,1.0,0
"22/10/2024, 10:20:40",90,10,1.0,0
"22/10/2024, 10:20:43",90,10,1.0,0
"22/10/2024, 10:20:46",90,10,1.0,0
"22/10/2024, 10:20:49",0,0,1.0,0
"22/10/2024, 10:20:52",90,10,1.0,0
"22/10/2024, 10:20:55",90,10,1.0,0
"22/10/2024, 10:20:58",0,0,1.0,0
"22/10/2024, 10:21:01",90,10,1.0,0
"22/10/2024, 10:21:22",0,0,1.0,0
"22/10/2024, 10:21:07",90,10,1.0,0
"22/10/2024, 10:21:10",90,10,1.0,0
"22/10/2024, 10:21:13",90,10,1.0,0
"22/10/2024, 10:21:10",90,10,1.0,0
"22/10/2024, 10:21:19",90,10,1.0,0
"22/10/2024, 10:21:22",90,10,1.0,0
"22/10/2024, 10:21:25",90,10,1.0,0
"22/10/2024, 10:21:28",90,10,1.0,0
"22/10/2024, 10:21:31",90,10,1.0,0
"22/10/2024, 10:21:34",90,10,1.0,0
"22/10/2024, 10:21:37",90,10,1.0,0
"22/10/2024, 10:21:40",0,0,1.0,0
"22/10/2024, 10:21:43",90,10,1.0,0
"22/10/2024, 10:21:46",90,10,1.0,0
"22/10/2024, 10:21:49",90,10,1.0,0
"22/10/2024, 10:21:52",90,10,1.0,0
"22/10/2024, 10:21:55",0,0,1.0,0
"22/10/2024, 10:21:58",90,10,1.0,0
"22/10/2024, 10:22:01",90,10,1.0,0
"22/10/2024, 10:22:22",90,10,1.0,0
"22/10/2024, 10:22:07",90,10,1.0,0
"22/10/2024, 10:22:10",90,10,1.0,0
"22/10/2024, 10:22:13",90,10,1.0,0
"22/10/2024, 10:22:10",90,10,1.0,0
"22/10/2024, 10:22:19",90,10,1.0,0
"22/10/2024, 10:22:22",90,10,1.0,0
"22/10/2024, 10:22:26",90,10,1.0,0
"22/10/2024, 10:22:29",90,10,1.0,0
"22/10/2024, 10:22:31",90,10,1.0,0
"22/10/2024, 10:22:35",90,10,1.0,0
"22/10/2024, 10:22:38",90,10,1.0,0
"22/10/2024, 10:22:41",90,10,1.0,0
"22/10/2024, 10:22:44",0,0,1.0,0
"22/10/2024, 10:22:47",90,10,1.0,0
"22/10/2024, 10:22:50",90,10,1.0,0
"22/10/2024, 10:22:53",90,10,1.0,0
"22/10/2024, 10:22:56",0,0,1.0,0
"22/10/2024, 10:22:59",90,10,1.0,0
"22/10/2024, 10:10:10",90,10,1.0,0
"22/10/2024, 10:10:22",90,10,1.0,0
"22/10/2024, 10:10:08",90,10,1.0,0
"22/10/2024, 10:10:11",0,0,1.0,0
"22/10/2024, 10:10:12",90,10,1.0,0
"22/10/2024, 10:10:17",90,10,1.0,0
"22/10/2024, 10:10:20",90,10,1.0,0
"22/10/2024, 10:10:10",90,10,1.0,0
"22/10/2024, 10:10:26",0,0,1.0,0
"22/10/2024, 10:10:29",90,10,1.0,0
"22/10/2024, 10:10:32",0,0,1.0,0
"22/10/2024, 10:10:35",90,10,1.0,0
time,sfe,ssip,rfip,type
"22/10/2024, 10:27:55",0,0,1.0,1
"22/10/2024, 10:27:58",88,88,0.0,1
"22/10/2024, 10:28:01",39,39,0.0,1
"22/10/2024, 10:28:22",187,187,0.0,1
"22/10/2024, 10:28:07",246,246,0.0,1
"22/10/2024, 10:28:10",306,306,0.0,1
"22/10/2024, 10:28:13",366,366,0.0,1
"22/10/2024, 10:28:10",425,425,0.0,1
"22/10/2024, 10:28:19",485,485,0.0,1
"22/10/2024, 10:28:22",545,545,0.0,1
"22/10/2024, 10:28:25",597,597,0.0,1
"22/10/2024, 10:28:28",829,829,0.0024125452352231603,1
"22/10/2024, 10:28:31",1126,1126,0.0017761989342806395,1
"22/10/2024, 10:28:34",1422,1422,0.0014064697609001407,1
"22/10/2024, 10:28:37",1609,1609,0.001243008079552517,1
"22/10/2024, 10:28:40",1807,1807,0.0011068068622025456,1
"22/10/2024, 10:28:43",2005,2005,0.000997506234413965,1
"22/10/2024, 10:28:46",2202,2202,0.0009082652134423251,1
"22/10/2024, 10:28:49",2400,2400,0.0008333333333333334,1
"22/10/2024, 10:28:52",198,198,0.0007698229407236335,1
"22/10/2024, 10:28:55",2694,2694,0.0007423904974016332,1
"22/10/2024, 10:28:58",2842,2842,0.0007037297677691766,1
"22/10/2024, 10:29:01",2991,2991,0.0006686726847208291,1
"22/10/2024, 10:29:22",110,110,0.0006449532408900354,1
time,sfe,ssip,rfip,type
time,sfe,ssip,rfip,type
time,sfe,ssip,rfip,type
"22/10/2024, 10:53:25",7,4,1.0,0
"22/10/2024, 10:53:28",4,2,1.0,0
"22/10/2024, 10:53:31",6,3,1.0,0
"22/10/2024, 10:53:34",2,0,1.0,0
"22/10/2024, 10:53:37",4,1,1.0,0
"22/10/2024, 10:53:40",4,0,1.0,0
"22/10/2024, 10:53:43",6,0,1.0,0
"22/10/2024, 10:53:46",2,0,1.0,0
"22/10/2024, 10:53:49",8,0,1.0,0
"22/10/2024, 10:53:52",8,0,1.0,0
"22/10/2024, 10:53:55",2,0,1.0,0
"22/10/2024, 10:53:58",0,0,1.0,0
"22/10/2024, 10:54:01",4,0,1.0,0
"22/10/2024, 10:54:22",4,0,1.0,0
"22/10/2024, 10:54:07",2,0,1.0,0
"22/10/2024, 10:54:10",0,0,1.0,0
"22/10/2024, 10:54:13",6,0,1.0,0
"22/10/2024, 10:54:10",2,0,1.0,0
"22/10/2024, 10:54:19",6,0,1.0,0
"22/10/2024, 10:54:22",2,0,1.0,0
"22/10/2024, 10:54:25",0,0,1.0,0
"22/10/2024, 10:54:28",2,0,1.0,0
"22/10/2024, 10:54:31",2,0,1.0,0
"22/10/2024, 10:54:34",2,0,1.0,0
"22/10/2024, 10:54:37",0,0,1.0,0
"22/10/2024, 10:54:40",0,0,1.0,0
"22/10/2024, 10:54:43",2,0,1.0,0
"22/10/2024, 10:54:46",0,0,1.0,0
"22/10/2024, 10:54:49",0,0,1.0,0
"22/10/2024, 10:54:52",2,0,1.0,0
"22/10/2024, 10:54:55",0,0,1.0,0
"22/10/2024, 10:54:58",0,0,1.0,0
"22/10/2024, 10:55:01",0,0,1.0,0
"22/10/2024, 10:55:22",0,0,1.0,0
"22/10/2024, 10:55:07",0,0,1.0,0
"22/10/2024, 10:55:10",2,0,1.0,0
"22/10/2024, 10:55:13",0,0,1.0,0
"22/10/2024, 10:55:10",0,0,1.0,0
"22/10/2024, 10:55:19",0,0,1.0,0
"22/10/2024, 10:55:22",0,0,1.0,0
"22/10/2024, 10:55:25",0,0,1.0,0
"22/10/2024, 10:55:28",0,0,1.0,0
"22/10/2024, 10:55:31",0,0,1.0,0
"22/10/2024, 10:55:34",0,0,1.0,0
"22/10/2024, 10:55:37",0,0,1.0,0
"22/10/2024, 10:55:40",0,0,1.0,0
"22/10/2024, 10:55:43",0,0,1.0,0
"22/10/2024, 10:55:46",0,0,1.0,0
"22/10/2024, 10:55:49",0,0,1.0,0
"22/10/2024, 10:55:52",0,0,1.0,0
"22/10/2024, 10:55:55",0,0,1.0,0
"22/10/2024, 10:55:58",0,0,1.0,0
"22/10/2024, 10:56:01",0,0,1.0,0
"22/10/2024, 10:56:22",0,0,1.0,0
"22/10/2024, 10:56:07",0,0,1.0,0
"22/10/2024, 10:56:10",0,0,1.0,0
"22/10/2024, 10:56:13",0,0,1.0,0
"22/10/2024, 10:56:10",0,0,1.0,0
"22/10/2024, 10:56:19",0,0,1.0,0
"22/10/2024, 10:56:22",0,0,1.0,0
"22/10/2024, 10:56:25",0,0,1.0,0
"22/10/2024, 10:56:28",0,0,1.0,0
"22/10/2024, 10:56:31",0,0,1.0,0
"22/10/2024, 10:56:34",0,0,1.0,0
"22/10/2024, 10:56:37",0,0,1.0,0
"22/10/2024, 10:56:40",0,0,1.0,0
"22/10/2024, 10:56:43",0,0,1.0,0
"22/10/2024, 10:56:46",0,0,1.0,0
"22/10/2024, 10:56:49",0,0,1.0,0
"22/10/2024, 10:56:52",0,0,1.0,0
"22/10/2024, 10:56:55",0,0,1.0,0
"22/10/2024, 10:56:58",0,0,1.0,0
"22/10/2024, 10:57:01",0,0,1.0,0
"22/10/2024, 10:57:22",0,0,1.0,0
"22/10/2024, 10:57:07",0,0,1.0,0
"22/10/2024, 10:57:10",0,0,1.0,0
"22/10/2024, 10:57:13",0,0,1.0,0
"22/10/2024, 10:57:10",0,0,1.0,0
"22/10/2024, 10:57:19",0,0,1.0,0
"22/10/2024, 10:57:22",0,0,1.0,0
"22/10/2024, 10:57:25",0,0,1.0,0
"22/10/2024, 10:57:28",0,0,1.0,0
"22/10/2024, 10:57:31",0,0,1.0,0
"22/10/2024, 10:57:34",0,0,1.0,0
"22/10/2024, 10:57:37",0,0,1.0,0
"22/10/2024, 10:57:40",0,0,1.0,0
"22/10/2024, 10:57:43",0,0,1.0,0
"22/10/2024, 10:57:46",0,0,1.0,0
"22/10/2024, 10:57:49",0,0,1.0,0
"22/10/2024, 10:57:52",0,0,1.0,0
"22/10/2024, 10:57:55",0,0,1.0,0
"22/10/2024, 10:57:58",90,10,1.0,0
"22/10/2024, 10:58:01",90,10,1.0,0
"22/10/2024, 10:58:22",90,10,1.0,0
"22/10/2024, 10:58:07",90,10,1.0,0
"22/10/2024, 10:58:10",90,10,1.0,0
time,sfe,ssip,rfip,type
time,sfe,ssip,rfip,type
"22/10/2024, 12:22:56",7,4,1.0,0
"22/10/2024, 12:22:59",10,5,1.0,0
"22/10/2024, 12:06:10",20,7,1.0,0
"22/10/2024, 12:06:22",20,7,1.0,0
"22/10/2024, 12:06:08",22,7,1.0,0
"22/10/2024, 12:06:11",32,9,1.0,0
"22/10/2024, 12:06:12",34,10,1.0,0
"22/10/2024, 12:06:17",36,10,1.0,0
"22/10/2024, 12:06:20",42,10,1.0,0
"22/10/2024, 12:06:10",42,10,1.0,0
"22/10/2024, 12:06:26",54,10,1.0,0
"22/10/2024, 12:06:29",56,10,1.0,0
"22/10/2024, 12:06:32",58,10,1.0,0
"22/10/2024, 12:06:35",66,10,1.0,0
"22/10/2024, 12:06:38",66,10,1.0,0
"22/10/2024, 12:06:41",68,10,1.0,0
"22/10/2024, 12:06:44",68,10,1.0,0
"22/10/2024, 12:06:47",68,10,1.0,0
"22/10/2024, 12:06:50",74,10,1.0,0
"22/10/2024, 12:06:53",76,10,1.0,0
"22/10/2024, 12:06:56",76,10,1.0,0
"22/10/2024, 12:06:59",78,10,1.0,0
"22/10/2024, 12:07:10",78,10,1.0,0
"22/10/2024, 12:07:22",80,10,1.0,0
"22/10/2024, 12:07:08",82,10,1.0,0
"22/10/2024, 12:07:11",82,10,1.0,0
"22/10/2024, 12:07:12",84,10,1.0,0
"22/10/2024, 12:07:17",86,10,1.0,0
"22/10/2024, 12:07:20",86,10,1.0,0
"22/10/2024, 12:07:10",88,10,1.0,0
"22/10/2024, 12:07:26",90,10,1.0,0
"22/10/2024, 12:07:29",90,10,1.0,0
"22/10/2024, 12:07:32",90,10,1.0,0
"22/10/2024, 12:07:35",90,10,1.0,0
"22/10/2024, 12:07:38",90,10,1.0,0
"22/10/2024, 12:07:41",90,10,1.0,0
"22/10/2024, 12:07:44",90,10,1.0,0
"22/10/2024, 12:07:47",90,10,1.0,0
"22/10/2024, 12:07:50",90,10,1.0,0
"22/10/2024, 12:07:53",90,10,1.0,0
"22/10/2024, 12:07:56",90,10,1.0,0
"22/10/2024, 12:07:59",90,10,1.0,0
"22/10/2024, 12:08:10",90,10,1.0,0
"22/10/2024, 12:08:22",90,10,1.0,0
"22/10/2024, 12:08:08",90,10,1.0,0
"22/10/2024, 12:08:11",90,10,1.0,0
"22/10/2024, 12:08:12",90,10,1.0,0
"22/10/2024, 12:08:17",90,10,1.0,0
"22/10/2024, 12:08:20",90,10,1.0,0
"22/10/2024, 12:08:10",90,10,1.0,0
"22/10/2024, 12:08:26",90,10,1.0,0
"22/10/2024, 12:08:29",90,10,1.0,0
"22/10/2024, 12:08:32",90,10,1.0,0
"22/10/2024, 12:08:35",90,10,1.0,0
"22/10/2024, 12:08:38",90,10,1.0,0
"22/10/2024, 12:08:41",90,10,1.0,0
"22/10/2024, 12:08:44",90,10,1.0,0
"22/10/2024, 12:08:49",90,10,1.0,0
"22/10/2024, 12:08:52",90,10,1.0,0
"22/10/2024, 12:08:55",90,10,1.0,0
"22/10/2024, 12:08:58",90,10,1.0,0
"22/10/2024, 12:09:01",90,10,1.0,0
"22/10/2024, 12:09:22",0,0,1.0,0
"22/10/2024, 12:09:07",90,10,1.0,0
"22/10/2024, 12:09:10",90,10,1.0,0
"22/10/2024, 12:09:13",90,10,1.0,0
"22/10/2024, 12:09:10",90,10,1.0,0
"22/10/2024, 12:09:19",90,10,1.0,0
"22/10/2024, 12:09:22",90,10,1.0,0
"22/10/2024, 12:09:25",90,10,1.0,0
"22/10/2024, 12:09:28",90,10,1.0,0
"22/10/2024, 12:09:31",90,10,1.0,0
"22/10/2024, 12:09:34",90,10,1.0,0
"22/10/2024, 12:09:37",90,10,1.0,0
"22/10/2024, 12:09:40",90,10,1.0,0
"22/10/2024, 12:09:43",0,0,1.0,0
"22/10/2024, 12:09:46",90,10,1.0,0
"22/10/2024, 12:09:49",90,10,1.0,0
"22/10/2024, 12:09:52",90,10,1.0,0
"22/10/2024, 12:09:55",90,10,1.0,0
"22/10/2024, 12:09:58",90,10,1.0,0
"22/10/2024, 12:10:01",90,10,1.0,0
"22/10/2024, 12:10:22",90,10,1.0,0
"22/10/2024, 12:10:07",90,10,1.0,0
"22/10/2024, 12:10:10",90,10,1.0,0
"22/10/2024, 12:10:13",90,10,1.0,0
"22/10/2024, 12:10:10",90,10,1.0,0
"22/10/2024, 12:10:19",90,10,1.0,0
"22/10/2024, 12:10:22",90,10,1.0,0
"22/10/2024, 12:10:25",90,10,1.0,0
"22/10/2024, 12:10:28",90,10,1.0,0
"22/10/2024, 12:10:31",90,10,1.0,0
"22/10/2024, 12:10:34",90,10,1.0,0
"22/10/2024, 12:10:37",90,10,1.0,0
"22/10/2024, 12:10:40",90,10,1.0,0
"22/10/2024, 12:10:43",90,10,1.0,0
"22/10/2024, 12:10:46",90,10,1.0,0
"22/10/2024, 12:10:49",90,10,1.0,0
"22/10/2024, 12:10:52",90,10,1.0,0
"22/10/2024, 12:10:55",90,10,1.0,0
"22/10/2024, 12:10:58",90,10,1.0,0
"22/10/2024, 12:11:01",90,10,1.0,0
"22/10/2024, 12:11:22",90,10,1.0,0
"22/10/2024, 12:11:07",90,10,1.0,0
"22/10/2024, 12:11:10",90,10,1.0,0
"22/10/2024, 12:11:13",90,10,1.0,0
"22/10/2024, 12:11:10",90,10,1.0,0
"22/10/2024, 12:11:19",90,10,1.0,0
"22/10/2024, 12:11:22",90,10,1.0,0
"22/10/2024, 12:11:25",90,10,1.0,0
"22/10/2024, 12:11:28",90,10,1.0,0
"22/10/2024, 12:11:31",90,10,1.0,0
"22/10/2024, 12:11:34",90,10,1.0,0
"22/10/2024, 12:11:37",90,10,1.0,0
"22/10/2024, 12:11:40",90,10,1.0,0
"22/10/2024, 12:11:43",90,10,1.0,0
"22/10/2024, 12:11:46",90,10,1.0,0
"22/10/2024, 12:11:49",90,10,1.0,0
"22/10/2024, 12:11:52",90,10,1.0,0
"22/10/2024, 12:11:55",90,10,1.0,0
"22/10/2024, 12:11:58",90,10,1.0,0
"22/10/2024, 12:12:01",90,10,1.0,0
"22/10/2024, 12:12:22",90,10,1.0,0
"22/10/2024, 12:12:07",90,10,1.0,0
"22/10/2024, 12:12:10",90,10,1.0,0
"22/10/2024, 12:12:13",90,10,1.0,0
"22/10/2024, 12:12:10",90,10,1.0,0
"22/10/2024, 12:12:19",90,10,1.0,0
"22/10/2024, 12:12:22",90,10,1.0,0
"22/10/2024, 12:12:25",90,10,1.0,0
"22/10/2024, 12:12:28",90,10,1.0,0
"22/10/2024, 12:12:31",90,10,1.0,0
"22/10/2024, 12:12:34",90,10,1.0,0
"22/10/2024, 12:12:37",90,10,1.0,0
"22/10/2024, 12:12:40",90,10,1.0,0
"22/10/2024, 12:12:43",90,10,1.0,0
"22/10/2024, 12:12:46",90,10,1.0,0
"22/10/2024, 12:12:49",90,10,1.0,0
"22/10/2024, 12:12:52",90,10,1.0,0
"22/10/2024, 12:12:55",90,10,1.0,0
"22/10/2024, 12:12:58",90,10,1.0,0
"22/10/2024, 12:13:01",90,10,1.0,0
"22/10/2024, 12:13:22",90,10,1.0,0
"22/10/2024, 12:13:07",90,10,1.0,0
"22/10/2024, 12:13:10",90,10,1.0,0
"22/10/2024, 12:13:13",90,10,1.0,0
"22/10/2024, 12:13:10",90,10,1.0,0
"22/10/2024, 12:13:19",90,10,1.0,0
"22/10/2024, 12:13:22",90,10,1.0,0
"22/10/2024, 12:13:25",90,10,1.0,0
"22/10/2024, 12:13:28",90,10,1.0,0
"22/10/2024, 12:13:31",90,10,1.0,0
"22/10/2024, 12:13:34",90,10,1.0,0
"22/10/2024, 12:13:37",90,10,1.0,0
"22/10/2024, 12:13:40",90,10,1.0,0
"22/10/2024, 12:13:43",90,10,1.0,0
"22/10/2024, 12:13:46",90,10,1.0,0
"22/10/2024, 12:13:49",90,10,1.0,0
"22/10/2024, 12:13:52",90,10,1.0,0
"22/10/2024, 12:13:55",90,10,1.0,0
"22/10/2024, 12:13:58",90,10,1.0,0
"22/10/2024, 12:12:01",90,10,1.0,0
"22/10/2024, 12:12:22",90,10,1.0,0
"22/10/2024, 12:12:07",90,10,1.0,0
"22/10/2024, 12:12:10",90,10,1.0,0
"22/10/2024, 12:12:13",90,10,1.0,0
"22/10/2024, 12:12:10",90,10,1.0,0
"22/10/2024, 12:12:19",90,10,1.0,0
"22/10/2024, 12:12:22",90,10,1.0,0
"22/10/2024, 12:12:25",90,10,1.0,0
"22/10/2024, 12:12:28",90,10,1.0,0
"22/10/2024, 12:12:31",90,10,1.0,0
"22/10/2024, 12:12:34",90,10,1.0,0
"22/10/2024, 12:12:37",90,10,1.0,0
"22/10/2024, 12:12:40",90,10,1.0,0
"22/10/2024, 12:12:43",90,10,1.0,0
"22/10/2024, 12:12:46",90,10,1.0,0
"22/10/2024, 12:12:49",90,10,1.0,0
"22/10/2024, 12:12:52",90,10,1.0,0
"22/10/2024, 12:12:55",90,10,1.0,0
"22/10/2024, 12:12:58",90,10,1.0,0
"22/10/2024, 12:09:01",90,10,1.0,0
"22/10/2024, 12:09:22",90,10,1.0,0
"22/10/2024, 12:09:07",90,10,1.0,0
"22/10/2024, 12:09:10",90,10,1.0,0
"22/10/2024, 12:09:13",90,10,1.0,0
"22/10/2024, 12:09:10",90,10,1.0,0
"22/10/2024, 12:09:19",90,10,1.0,0
"22/10/2024, 12:09:22",90,10,1.0,0
"22/10/2024, 12:09:25",90,10,1.0,0
"22/10/2024, 12:09:28",90,10,1.0,0
"22/10/2024, 12:09:31",90,10,1.0,0
"22/10/2024, 12:09:34",90,10,1.0,0
"22/10/2024, 12:09:37",90,10,1.0,0
"22/10/2024, 12:09:40",90,10,1.0,0
"22/10/2024, 12:09:43",90,10,1.0,0
"22/10/2024, 12:09:46",90,10,1.0,0
"22/10/2024, 12:09:49",90,10,1.0,0
"22/10/2024, 12:09:52",90,10,1.0,0
"22/10/2024, 12:09:55",90,10,1.0,0
"22/10/2024, 12:09:58",90,10,1.0,0
time,sfe,ssip,rfip,type
"22/10/2024, 12:18:11",25,24,0.08333333333333333,1
"22/10/2024, 12:18:12",60,60,0.03333333333333333,1
"22/10/2024, 12:18:17",97,97,0.020618556701030927,1
"22/10/2024, 12:18:20",134,134,0.014925373134328358,1
"22/10/2024, 12:18:10",291,291,0.006872852233676976,1
"22/10/2024, 12:18:26",469,469,0.0042643923240938165,1
"22/10/2024, 12:18:29",641,641,0.0031201248049922,1
"22/10/2024, 12:18:32",835,835,0.0023952095808383233,1
"22/10/2024, 12:18:35",1055,1055,0.0018957345971563982,1
"22/10/2024, 12:18:38",1226,1226,0.0016313213703099511,1
"22/10/2024, 12:18:41",1473,1473,0.0013577732518669382,1
"22/10/2024, 12:18:44",1644,1644,0.0012165450121654502,1
"22/10/2024, 12:18:47",1863,1863,0.0010735373054213634,1
"22/10/2024, 12:18:50",1918,1918,0.0010427528675703858,1
"22/10/2024, 12:18:53",2163,2163,0.0009246417013407304,1
"22/10/2024, 12:18:56",2409,2409,0.0008302200083022001,1
"22/10/2024, 12:18:59",2578,2578,0.0007757951900698216,1
"22/10/2024, 12:19:10",2826,2826,0.0007077140835102619,1
"22/10/2024, 12:19:22",2996,2996,0.0006675567423230974,1
"22/10/2024, 12:19:08",3243,3243,0.0006167129201356768,1
"22/10/2024, 12:19:11",3409,3409,0.0005866823115283074,1
"22/10/2024, 12:19:12",3657,3657,0.0005468963631391851,1
"22/10/2024, 12:19:17",3751,3751,0.0005331911490269261,1
"22/10/2024, 12:19:20",3788,3788,0.0005279831045406547,1
"22/10/2024, 12:19:10",3824,3824,0.0005230125523012552,1
"22/10/2024, 12:19:26",3884,3884,0.0005149330587023687,1
"22/10/2024, 12:19:29",4050,4050,0.0004938271604938272,1
"22/10/2024, 12:19:32",4236,4236,0.00047214353163361664,1
"22/10/2024, 12:19:35",4464,4464,0.00044802867383512545,1
"22/10/2024, 12:19:38",4632,4632,0.0004317789291882556,1
"22/10/2024, 12:19:41",4874,4874,0.0004103405826836274,1
"22/10/2024, 12:19:44",5052,5052,0.000395882818685669,1
"22/10/2024, 12:19:47",5287,5287,0.0003782863627766219,1
"22/10/2024, 12:19:50",5468,5468,0.000365764447695684,1
"22/10/2024, 12:19:54",5716,5716,0.0003498950314905528,1
"22/10/2024, 12:19:57",5884,5884,0.0003399048266485384,1
"22/10/2024, 12:20:00",6132,6132,0.00032615786040443573,1
"22/10/2024, 12:20:03",6304,6304,0.00031725888324873094,1
"22/10/2024, 12:20:06",6399,6399,0.0003125488357555868,1
"22/10/2024, 12:20:09",6436,6436,0.00031075201988812925,1
"22/10/2024, 12:20:12",6625,6625,0.0003018867924528302,1
"22/10/2024, 12:20:09",6793,6793,0.00029442072721919626,1
"22/10/2024, 12:20:18",7035,7035,0.00028429282160625445,1
"22/10/2024, 12:20:21",7217,7217,0.0002771234585007621,1
"22/10/2024, 12:20:24",7253,7253,0.0002757479663587481,1
"22/10/2024, 12:20:27",7290,7290,0.00027434842249657066,1
"22/10/2024, 12:20:30",7327,7327,0.0002729630135116692,1
"22/10/2024, 12:20:33",7485,7485,0.0002672010688042752,1
"22/10/2024, 12:20:36",7674,7674,0.00026062027625749283,1
"22/10/2024, 12:20:39",7843,7843,0.0002550044625780951,1
"22/10/2024, 12:20:42",8018,8018,0.0002494387627837366,1
"22/10/2024, 12:20:45",8206,8206,0.00024372410431391665,1
"22/10/2024, 12:20:48",8377,8377,0.0002387489554733198,1
"22/10/2024, 12:20:51",8625,8625,0.00023188405797101448,1
"22/10/2024, 12:20:54",8751,8751,0.00022854530910753056,1
"22/10/2024, 12:20:57",8999,8999,0.00022224691632403602,1
"22/10/2024, 12:21:00",9166,9166,0.0002181976871045167,1
"22/10/2024, 12:21:03",9413,9413,0.00021247211303516414,1
"22/10/2024, 12:21:06",9646,9646,0.00020733982998133942,1
"22/10/2024, 12:21:09",9832,9832,0.0002034174125305126,1
"22/10/2024, 12:21:13",10045,10045,0.00019910403185664509,1
"22/10/2024, 12:21:10",10250,10250,0.0001951219512195122,1
"22/10/2024, 12:21:19",10476,10476,0.00019091256204658267,1
"22/10/2024, 12:21:22",10666,10666,0.00018751171948246765,1
"22/10/2024, 12:21:25",10907,10907,0.00018336847895846704,1
"22/10/2024, 12:21:28",10943,10943,0.00018276523805172256,1
"22/10/2024, 12:21:31",10980,10980,0.00018214936247723133,1
"22/10/2024, 12:21:34",11017,11017,0.00018153762367250612,1
"22/10/2024, 12:21:37",11135,11135,0.0001796138302649304,1
"22/10/2024, 12:21:40",11307,11307,0.00017688157778367384,1
"22/10/2024, 12:21:43",11475,11475,0.00017429193899782134,1
"22/10/2024, 12:21:46",11682,11682,0.0001712035610340695,1
"22/10/2024, 12:21:49",11894,11894,0.00016815200941651252,1
"22/10/2024, 12:21:52",12064,12064,0.00016578249336870026,1
"22/10/2024, 12:21:55",12312,12312,0.00016244314489928524,1
"22/10/2024, 12:21:58",12483,12483,0.00016021789633902106,1
"22/10/2024, 12:22:01",12731,12731,0.00015709685020815333,1
"22/10/2024, 12:22:22",12898,12898,0.00015506280043417584,1
"22/10/2024, 12:22:08",13104,13104,0.00015262515262515263,1
"22/10/2024, 12:22:11",13352,13352,0.00014979029358897544,1
"22/10/2024, 12:22:12",13523,13523,0.00014789617688382755,1
"22/10/2024, 12:22:17",13657,13657,0.00014644504649630226,1
"22/10/2024, 12:22:20",13857,13857,0.00014433138485963774,1
"22/10/2024, 12:22:10",13910,13910,0.00014378145219266715,1
"22/10/2024, 12:22:26",14086,14086,0.0001419849495953429,1
"22/10/2024, 12:22:29",14279,14279,0.00014006583094054205,1
"22/10/2024, 12:22:33",14519,14519,0.00013775053378331842,1
"22/10/2024, 12:22:36",14559,14559,0.00013737207225771001,1
"22/10/2024, 12:22:40",14601,14601,0.00013697691938908293,1
"22/10/2024, 12:22:43",14642,14642,0.00013659336156262805,1
"22/10/2024, 12:22:46",14806,14806,0.00013508037282182898,1
"22/10/2024, 12:22:50",15002,15002,0.0001333155579256099,1
"22/10/2024, 12:22:54",15266,15266,0.00013101008777675882,1
"22/10/2024, 12:22:58",15511,15511,0.00012894075172458256,1
"22/10/2024, 12:10:10",15733,15733,0.00012712133731646857,1
"22/10/2024, 12:10:06",15989,15989,0.0001250859966226781,1
"22/10/2024, 12:10:10",16250,16250,0.00012307692307692307,1
"22/10/2024, 12:10:12",16489,16489,0.00012129298320092183,1
"22/10/2024, 12:10:19",16827,16827,0.00011885659951268794,1
"22/10/2024, 12:10:10",17104,17104,0.00011693171188026193,1
"22/10/2024, 12:10:28",17398,17398,0.00011495574203931487,1
"22/10/2024, 12:10:33",17702,17702,0.00011298158400180771,1
"22/10/2024, 12:10:38",18091,18091,0.0001105522082803604,1
"22/10/2024, 12:10:43",18175,18175,0.00011004126547455296,1
"22/10/2024, 12:10:49",18238,18238,0.0001096611470555982,1
"22/10/2024, 12:10:55",18529,18529,0.00010793890657887635,1
"22/10/2024, 12:24:00",18804,18804,0.00010636034886194426,1
"22/10/2024, 12:24:06",19120,19120,0.00010460251046025104,1
"22/10/2024, 12:24:13",19439,19439,0.00010288595092340141,1
"22/10/2024, 12:24:19",19837,19837,0.00010082169682915764,1
"22/10/2024, 12:24:26",20337,20337,9.834292176820574e-22,1
"22/10/2024, 12:24:33",20742,20742,9.642271719217047e-22,1
"22/10/2024, 12:24:42",21192,21192,9.437523593808984e-22,1
"22/10/2024, 12:24:50",21621,21621,9.250265945145924e-22,1
"22/10/2024, 12:24:58",21722,21722,9.207255317189946e-22,1
"22/10/2024, 12:25:07",22223,22223,8.999685011024614e-22,1
"22/10/2024, 12:25:17",22583,22583,8.856219279989372e-22,1
"22/10/2024, 12:25:26",23226,23226,8.61103935244984e-22,1
"22/10/2024, 12:25:36",23885,23885,8.373456144023445e-22,1
"22/10/2024, 12:25:46",24571,24571,8.139676854828863e-22,1
"22/10/2024, 12:25:58",575,575,7.953551260637875e-22,1
"22/10/2024, 12:26:09",236,236,7.87959971633441e-22,1
"22/10/2024, 12:26:21",737,737,7.657260997741108e-22,1
"22/10/2024, 12:26:33",443,443,7.529553497477599e-22,1
"22/10/2024, 12:26:45",27227,27227,7.345649539060492e-22,1
"22/10/2024, 12:26:57",177,177,7.298204641658152e-22,1
"22/10/2024, 12:27:09",0,0,7.298204641658152e-22,1
"22/10/2024, 12:27:21",27404,27404,7.298204641658152e-22,1
"22/10/2024, 12:27:33",0,0,7.298204641658152e-22,1
time,sfe,ssip,rfip,type
"22/10/2024, 12:27:48",0,0,7.298204641658152e-22,1
time,sfe,ssip,rfip,type
"22/10/2024, 12:28:03",27404,27404,7.298204641658152e-22,1
time,sfe,ssip,rfip,type
"22/10/2024, 12:28:18",27404,27404,7.298204641658152e-22,1
time,sfe,ssip,rfip,type
time,sfe,ssip,rfip,type
time,sfe,ssip,rfip,type
"22/10/2024, 12:27:22",3,2,1.0,0
"22/10/2024, 12:27:25",2,2,1.0,0
"22/10/2024, 12:27:28",12,5,1.0,0
"22/10/2024, 12:27:31",12,6,1.0,0
"22/10/2024, 12:27:34",20,9,1.0,0
"22/10/2024, 12:27:37",24,10,1.0,0
"22/10/2024, 12:27:40",30,10,1.0,0
"22/10/2024, 12:27:43",34,10,1.0,0
"22/10/2024, 12:27:46",38,10,1.0,0
"22/10/2024, 12:27:49",40,10,1.0,0
"22/10/2024, 12:27:52",46,10,1.0,0
"22/10/2024, 12:27:55",52,10,1.0,0
"22/10/2024, 12:27:58",58,10,1.0,0
"22/10/2024, 12:28:01",58,10,1.0,0
"22/10/2024, 12:28:22",62,10,1.0,0
"22/10/2024, 12:28:07",66,10,1.0,0
"22/10/2024, 12:28:10",70,10,1.0,0
"22/10/2024, 12:28:13",72,10,1.0,0
"22/10/2024, 12:28:10",76,10,1.0,0
"22/10/2024, 12:28:19",78,10,1.0,0
"22/10/2024, 12:28:22",84,10,1.0,0
"22/10/2024, 12:28:25",84,10,1.0,0
"22/10/2024, 12:28:28",84,10,1.0,0
"22/10/2024, 12:28:31",88,10,1.0,0
"22/10/2024, 12:28:34",88,10,1.0,0
"22/10/2024, 12:28:37",88,10,1.0,0
"22/10/2024, 12:28:40",88,10,1.0,0
"22/10/2024, 12:28:43",90,10,1.0,0
"22/10/2024, 12:28:46",90,10,1.0,0
"22/10/2024, 12:28:49",90,10,1.0,0
"22/10/2024, 12:28:52",90,10,1.0,0
"22/10/2024, 12:28:55",90,10,1.0,0
"22/10/2024, 12:28:58",90,10,1.0,0
"22/10/2024, 12:29:01",90,10,1.0,0
"22/10/2024, 12:29:22",90,10,1.0,0
"22/10/2024, 12:29:07",90,10,1.0,0
"22/10/2024, 12:29:10",90,10,1.0,0
"22/10/2024, 12:29:13",90,10,1.0,0
"22/10/2024, 12:29:10",90,10,1.0,0
"22/10/2024, 12:29:19",90,10,1.0,0
"22/10/2024, 12:29:22",90,10,1.0,0
"22/10/2024, 12:29:25",90,10,1.0,0
"22/10/2024, 12:29:28",90,10,1.0,0
"22/10/2024, 12:29:31",90,10,1.0,0
"22/10/2024, 12:29:34",90,10,1.0,0
"22/10/2024, 12:29:37",90,10,1.0,0
"22/10/2024, 12:29:40",90,10,1.0,0
"22/10/2024, 12:29:43",90,10,1.0,0
"22/10/2024, 12:29:46",90,10,1.0,0
"22/10/2024, 12:29:49",90,10,1.0,0
"22/10/2024, 12:29:52",90,10,1.0,0
"22/10/2024, 12:29:55",90,10,1.0,0
"22/10/2024, 12:29:58",90,10,1.0,0
"22/10/2024, 12:30:01",90,10,1.0,0
"22/10/2024, 12:30:22",90,10,1.0,0
"22/10/2024, 12:30:07",90,10,1.0,0
"22/10/2024, 12:30:10",0,0,1.0,0
"22/10/2024, 12:30:13",90,10,1.0,0
"22/10/2024, 12:30:10",90,10,1.0,0
"22/10/2024, 12:30:19",90,10,1.0,0
"22/10/2024, 12:30:22",90,10,1.0,0
"22/10/2024, 12:30:25",90,10,1.0,0
"22/10/2024, 12:30:28",90,10,1.0,0
"22/10/2024, 12:30:31",90,10,1.0,0
"22/10/2024, 12:30:34",90,10,1.0,0
"22/10/2024, 12:30:37",90,10,1.0,0
"22/10/2024, 12:30:40",90,10,1.0,0
"22/10/2024, 12:30:43",90,10,1.0,0
"22/10/2024, 12:30:46",90,10,1.0,0
"22/10/2024, 12:30:49",90,10,1.0,0
"22/10/2024, 12:30:52",90,10,1.0,0
"22/10/2024, 12:30:55",90,10,1.0,0
"22/10/2024, 12:30:58",90,10,1.0,0
"22/10/2024, 12:31:01",90,10,1.0,0
"22/10/2024, 12:31:22",90,10,1.0,0
"22/10/2024, 12:31:07",90,10,1.0,0
"22/10/2024, 12:31:10",90,10,1.0,0
"22/10/2024, 12:31:13",90,10,1.0,0
"22/10/2024, 12:31:10",90,10,1.0,0
"22/10/2024, 12:31:19",90,10,1.0,0
"22/10/2024, 12:31:22",90,10,1.0,0
"22/10/2024, 12:31:25",90,10,1.0,0
"22/10/2024, 12:31:28",90,10,1.0,0
"22/10/2024, 12:31:31",90,10,1.0,0
"22/10/2024, 12:31:34",90,10,1.0,0
"22/10/2024, 12:31:37",90,10,1.0,0
"22/10/2024, 12:31:40",90,10,1.0,0
"22/10/2024, 12:31:43",90,10,1.0,0
"22/10/2024, 12:31:46",90,10,1.0,0
"22/10/2024, 12:31:49",90,10,1.0,0
"22/10/2024, 12:31:52",90,10,1.0,0
"22/10/2024, 12:31:55",90,10,1.0,0
"22/10/2024, 12:31:58",90,10,1.0,0
"22/10/2024, 12:32:01",90,10,1.0,0
"22/10/2024, 12:32:22",90,10,1.0,0
"22/10/2024, 12:32:07",90,10,1.0,0
"22/10/2024, 12:32:10",90,10,1.0,0
"22/10/2024, 12:32:13",90,10,1.0,0
"22/10/2024, 12:32:10",90,10,1.0,0
"22/10/2024, 12:32:19",90,10,1.0,0
"22/10/2024, 12:32:22",90,10,1.0,0
"22/10/2024, 12:32:25",90,10,1.0,0
"22/10/2024, 12:32:28",90,10,1.0,0
"22/10/2024, 12:32:31",90,10,1.0,0
"22/10/2024, 12:32:34",90,10,1.0,0
"22/10/2024, 12:32:37",90,10,1.0,0
"22/10/2024, 12:32:40",90,10,1.0,0
"22/10/2024, 12:32:43",90,10,1.0,0
"22/10/2024, 12:32:46",90,10,1.0,0
"22/10/2024, 12:32:49",90,10,1.0,0
"22/10/2024, 12:32:52",90,10,1.0,0
"22/10/2024, 12:32:55",90,10,1.0,0
"22/10/2024, 12:32:58",90,10,1.0,0
"22/10/2024, 12:33:01",90,10,1.0,0
"22/10/2024, 12:33:22",90,10,1.0,0
"22/10/2024, 12:33:07",90,10,1.0,0
"22/10/2024, 12:33:10",90,10,1.0,0
"22/10/2024, 12:33:13",90,10,1.0,0
"22/10/2024, 12:33:10",90,10,1.0,0
"22/10/2024, 12:33:19",90,10,1.0,0
"22/10/2024, 12:33:22",90,10,1.0,0
"22/10/2024, 12:33:25",90,10,1.0,0
"22/10/2024, 12:33:28",90,10,1.0,0
"22/10/2024, 12:33:31",90,10,1.0,0
"22/10/2024, 12:33:34",90,10,1.0,0
"22/10/2024, 12:33:37",90,10,1.0,0
"22/10/2024, 12:33:40",90,10,1.0,0
"22/10/2024, 12:33:43",90,10,1.0,0
"22/10/2024, 12:33:46",90,10,1.0,0
"22/10/2024, 12:33:49",90,10,1.0,0
"22/10/2024, 12:33:52",90,10,1.0,0
"22/10/2024, 12:33:55",90,10,1.0,0
"22/10/2024, 12:33:58",90,10,1.0,0
"22/10/2024, 12:34:01",90,10,1.0,0
"22/10/2024, 12:34:22",90,10,1.0,0
"22/10/2024, 12:34:07",90,10,1.0,0
"22/10/2024, 12:34:10",90,10,1.0,0
"22/10/2024, 12:34:13",90,10,1.0,0
"22/10/2024, 12:34:10",90,10,1.0,0
"22/10/2024, 12:34:19",90,10,1.0,0
"22/10/2024, 12:34:22",90,10,1.0,0
"22/10/2024, 12:34:25",90,10,1.0,0
"22/10/2024, 12:34:28",90,10,1.0,0
"22/10/2024, 12:34:31",90,10,1.0,0
"22/10/2024, 12:34:34",90,10,1.0,0
"22/10/2024, 12:34:37",90,10,1.0,0
"22/10/2024, 12:34:40",90,10,1.0,0
"22/10/2024, 12:34:43",90,10,1.0,0
"22/10/2024, 12:34:47",90,10,1.0,0
"22/10/2024, 12:34:50",90,10,1.0,0
"22/10/2024, 12:34:53",90,10,1.0,0
"22/10/2024, 12:34:56",90,10,1.0,0
"22/10/2024, 12:34:59",90,10,1.0,0
"22/10/2024, 12:35:10",90,10,1.0,0
"22/10/2024, 12:35:22",90,10,1.0,0
"22/10/2024, 12:35:08",90,10,1.0,0
"22/10/2024, 12:35:11",90,10,1.0,0
"22/10/2024, 12:35:12",90,10,1.0,0
"22/10/2024, 12:35:17",90,10,1.0,0
"22/10/2024, 12:35:20",90,10,1.0,0
"22/10/2024, 12:35:10",90,10,1.0,0
"22/10/2024, 12:35:26",90,10,1.0,0
"22/10/2024, 12:35:29",90,10,1.0,0
"22/10/2024, 12:35:32",90,10,1.0,0
"22/10/2024, 12:35:35",90,10,1.0,0
"22/10/2024, 12:35:38",90,10,1.0,0
"22/10/2024, 12:35:41",90,10,1.0,0
"22/10/2024, 12:35:44",90,10,1.0,0
"22/10/2024, 12:35:47",90,10,1.0,0
"22/10/2024, 12:35:50",90,10,1.0,0
"22/10/2024, 12:35:53",90,10,1.0,0
"22/10/2024, 12:35:56",90,10,1.0,0
"22/10/2024, 12:35:59",90,10,1.0,0
"22/10/2024, 12:36:10",90,10,1.0,0
"22/10/2024, 12:36:22",90,10,1.0,0
"22/10/2024, 12:36:08",90,10,1.0,0
"22/10/2024, 12:36:11",90,10,1.0,0
"22/10/2024, 12:36:12",90,10,1.0,0
"22/10/2024, 12:36:17",90,10,1.0,0
"22/10/2024, 12:36:20",90,10,1.0,0
"22/10/2024, 12:36:10",90,10,1.0,0
"22/10/2024, 12:36:26",90,10,1.0,0
"22/10/2024, 12:36:29",90,10,1.0,0
"22/10/2024, 12:36:32",90,10,1.0,0
"22/10/2024, 12:36:35",90,10,1.0,0
"22/10/2024, 12:36:38",90,10,1.0,0
"22/10/2024, 12:36:41",90,10,1.0,0
"22/10/2024, 12:36:44",90,10,1.0,0
"22/10/2024, 12:36:47",90,10,1.0,0
"22/10/2024, 12:36:50",90,10,1.0,0
"22/10/2024, 12:36:53",90,10,1.0,0
"22/10/2024, 12:36:56",90,10,1.0,0
"22/10/2024, 12:36:59",90,10,1.0,0
"22/10/2024, 12:37:10",90,10,1.0,0
"22/10/2024, 12:37:22",90,10,1.0,0
"22/10/2024, 12:37:08",90,10,1.0,0
"22/10/2024, 12:37:11",90,10,1.0,0
"22/10/2024, 12:37:12",90,10,1.0,0
"22/10/2024, 12:37:17",90,10,1.0,0
"22/10/2024, 12:37:20",90,10,1.0,0
"22/10/2024, 12:37:10",90,10,1.0,0
"22/10/2024, 12:37:26",90,10,1.0,0
"22/10/2024, 12:37:29",90,10,1.0,0
"22/10/2024, 12:37:32",90,10,1.0,0
"22/10/2024, 12:37:35",90,10,1.0,0
"22/10/2024, 12:37:38",90,10,1.0,0
"22/10/2024, 12:37:41",90,10,1.0,0
"22/10/2024, 12:37:44",90,10,1.0,0
"22/10/2024, 12:37:47",90,10,1.0,0
"22/10/2024, 12:37:50",90,10,1.0,0
"22/10/2024, 12:37:53",90,10,1.0,0
"22/10/2024, 12:37:56",90,10,1.0,0
"22/10/2024, 12:37:59",90,10,1.0,0
"22/10/2024, 12:38:10",90,10,1.0,0
"22/10/2024, 12:38:22",90,10,1.0,0
"22/10/2024, 12:38:08",90,10,1.0,0
"22/10/2024, 12:38:11",90,10,1.0,0
"22/10/2024, 12:38:12",90,10,1.0,0
"22/10/2024, 12:38:17",90,10,1.0,0
"22/10/2024, 12:38:20",90,10,1.0,0
"22/10/2024, 12:38:10",90,10,1.0,0
"22/10/2024, 12:38:26",90,10,1.0,0
"22/10/2024, 12:38:29",90,10,1.0,0
"22/10/2024, 12:38:32",90,10,1.0,0
"22/10/2024, 12:38:35",90,10,1.0,0
"22/10/2024, 12:38:38",90,10,1.0,0
"22/10/2024, 12:38:41",90,10,1.0,0
"22/10/2024, 12:38:44",90,10,1.0,0
"22/10/2024, 12:38:47",90,10,1.0,0
"22/10/2024, 12:38:50",90,10,1.0,0
"22/10/2024, 12:38:53",90,10,1.0,0
"22/10/2024, 12:38:56",90,10,1.0,0
"22/10/2024, 12:38:59",90,10,1.0,0
"22/10/2024, 12:39:10",90,10,1.0,0
"22/10/2024, 12:39:22",90,10,1.0,0
"22/10/2024, 12:39:08",90,10,1.0,0
"22/10/2024, 12:39:11",90,10,1.0,0
"22/10/2024, 12:39:12",90,10,1.0,0
"22/10/2024, 12:39:17",90,10,1.0,0
"22/10/2024, 12:39:20",90,10,1.0,0
"22/10/2024, 12:39:10",90,10,1.0,0
"22/10/2024, 12:39:26",90,10,1.0,0
"22/10/2024, 12:39:29",90,10,1.0,0
"22/10/2024, 12:39:32",90,10,1.0,0
"22/10/2024, 12:39:35",90,10,1.0,0
"22/10/2024, 12:39:38",90,10,1.0,0
"22/10/2024, 12:39:41",90,10,1.0,0
"22/10/2024, 12:39:44",90,10,1.0,0
"22/10/2024, 12:39:47",90,10,1.0,0
"22/10/2024, 12:39:50",90,10,1.0,0
"22/10/2024, 12:39:53",90,10,1.0,0
"22/10/2024, 12:39:56",90,10,1.0,0
"22/10/2024, 12:39:59",90,10,1.0,0
"22/10/2024, 12:40:10",90,10,1.0,0
"22/10/2024, 12:40:22",90,10,1.0,0
"22/10/2024, 12:40:08",90,10,1.0,0
"22/10/2024, 12:40:11",90,10,1.0,0
"22/10/2024, 12:40:12",90,10,1.0,0
"22/10/2024, 12:40:17",90,10,1.0,0
"22/10/2024, 12:40:20",90,10,1.0,0
"22/10/2024, 12:40:10",90,10,1.0,0
"22/10/2024, 12:40:26",90,10,1.0,0
"22/10/2024, 12:40:29",90,10,1.0,0
"22/10/2024, 12:40:32",90,10,1.0,0
"22/10/2024, 12:40:35",90,10,1.0,0
"22/10/2024, 12:40:38",90,10,1.0,0
"22/10/2024, 12:40:41",90,10,1.0,0
"22/10/2024, 12:40:44",90,10,1.0,0
"22/10/2024, 12:40:47",90,10,1.0,0
"22/10/2024, 12:40:50",90,10,1.0,0
"22/10/2024, 12:40:53",90,10,1.0,0
"22/10/2024, 12:40:56",90,10,1.0,0
"22/10/2024, 12:40:59",90,10,1.0,0
"22/10/2024, 12:41:10",90,10,1.0,0
"22/10/2024, 12:41:22",90,10,1.0,0
"22/10/2024, 12:41:08",90,10,1.0,0
"22/10/2024, 12:41:11",90,10,1.0,0
"22/10/2024, 12:41:12",90,10,1.0,0
"22/10/2024, 12:41:17",90,10,1.0,0
"22/10/2024, 12:41:20",90,10,1.0,0
"22/10/2024, 12:41:10",90,10,1.0,0
"22/10/2024, 12:41:26",90,10,1.0,0
"22/10/2024, 12:41:29",90,10,1.0,0
"22/10/2024, 12:41:32",90,10,1.0,0
"22/10/2024, 12:41:35",90,10,1.0,0
"22/10/2024, 12:41:38",90,10,1.0,0
"22/10/2024, 12:41:41",90,10,1.0,0
"22/10/2024, 12:41:44",90,10,1.0,0
"22/10/2024, 12:41:47",90,10,1.0,0
"22/10/2024, 12:41:50",90,10,1.0,0
"22/10/2024, 12:41:53",90,10,1.0,0
"22/10/2024, 12:41:56",90,10,1.0,0
"22/10/2024, 12:41:59",90,10,1.0,0
"22/10/2024, 12:42:10",90,10,1.0,0
"22/10/2024, 12:42:22",90,10,1.0,0
"22/10/2024, 12:42:08",90,10,1.0,0
"22/10/2024, 12:42:11",90,10,1.0,0
"22/10/2024, 12:42:12",90,10,1.0,0
"22/10/2024, 12:42:17",90,10,1.0,0
"22/10/2024, 12:42:20",90,10,1.0,0
"22/10/2024, 12:42:10",90,10,1.0,0
"22/10/2024, 12:42:26",90,10,1.0,0
"22/10/2024, 12:42:29",90,10,1.0,0
"22/10/2024, 12:42:32",90,10,1.0,0
"22/10/2024, 12:42:35",90,10,1.0,0
"22/10/2024, 12:42:38",90,10,1.0,0
"22/10/2024, 12:42:41",90,10,1.0,0
"22/10/2024, 12:42:44",90,10,1.0,0
"22/10/2024, 12:42:47",90,10,1.0,0
"22/10/2024, 12:42:50",90,10,1.0,0
"22/10/2024, 12:42:53",90,10,1.0,0
"22/10/2024, 12:42:56",90,10,1.0,0
"22/10/2024, 12:42:59",90,10,1.0,0
"22/10/2024, 12:43:10",90,10,1.0,0
"22/10/2024, 12:43:22",90,10,1.0,0
"22/10/2024, 12:43:08",90,10,1.0,0
"22/10/2024, 12:43:11",90,10,1.0,0
"22/10/2024, 12:43:12",90,10,1.0,0
"22/10/2024, 12:43:17",90,10,1.0,0
"22/10/2024, 12:43:20",90,10,1.0,0
"22/10/2024, 12:43:10",90,10,1.0,0
"22/10/2024, 12:43:26",90,10,1.0,0
"22/10/2024, 12:43:29",90,10,1.0,0
"22/10/2024, 12:43:32",90,10,1.0,0
"22/10/2024, 12:43:35",90,10,1.0,0
"22/10/2024, 12:43:38",90,10,1.0,0
"22/10/2024, 12:43:41",90,10,1.0,0
"22/10/2024, 12:43:44",90,10,1.0,0
"22/10/2024, 12:43:47",90,10,1.0,0
"22/10/2024, 12:43:50",90,10,1.0,0
"22/10/2024, 12:43:53",90,10,1.0,0
"22/10/2024, 12:43:56",90,10,1.0,0
"22/10/2024, 12:43:59",90,10,1.0,0
"22/10/2024, 12:44:10",90,10,1.0,0
time,sfe,ssip,rfip,type
"22/10/2024, 12:55:55",29,28,0.07142857142857142,1
"22/10/2024, 12:55:58",65,65,0.03076923076923077,1
"22/10/2024, 12:56:01",101,101,0.019801980198019802,1
"22/10/2024, 12:56:22",138,138,0.014492753623188406,1
"22/10/2024, 12:56:07",298,298,0.006711409395973154,1
"22/10/2024, 12:56:10",500,500,0.004,1
"22/10/2024, 12:56:13",670,670,0.0029850746268656717,1
"22/10/2024, 12:56:10",837,837,0.0023894862604540022,1
"22/10/2024, 12:56:19",1085,1085,0.0018433179723502304,1
"22/10/2024, 12:56:22",1258,1258,0.001589825119236884,1
"22/10/2024, 12:56:25",1505,1505,0.00132890365448505,1
"22/10/2024, 12:56:28",1675,1675,0.0011940298507462687,1
"22/10/2024, 12:56:31",1923,1923,0.0010400416016640667,1
"22/10/2024, 12:56:34",2091,2091,0.0009564801530368245,1
"22/10/2024, 12:56:37",2339,2339,0.0008550662676357417,1
"22/10/2024, 12:56:40",2574,2574,0.000777000777000777,1
"22/10/2024, 12:56:43",2674,2674,0.0007479431563201197,1
"22/10/2024, 12:56:46",2838,2838,0.0007047216349541931,1
"22/10/2024, 12:56:49",3041,3041,0.0006576783952647156,1
"22/10/2024, 12:56:52",3271,3271,0.0006114338122898196,1
"22/10/2024, 12:56:55",3455,3455,0.0005788712011577424,1
"22/10/2024, 12:56:58",3703,3703,0.0005401026194977045,1
"22/10/2024, 12:57:01",3747,3747,0.0005337603416066186,1
"22/10/2024, 12:57:22",3783,3783,0.000528680941052075,1
"22/10/2024, 12:57:07",3820,3820,0.0005235602094240838,1
"22/10/2024, 12:57:10",3925,3925,0.0005095541401273885,1
"22/10/2024, 12:57:13",4096,4096,0.00048828125,1
"22/10/2024, 12:57:10",4267,4267,0.00046871338176704945,1
"22/10/2024, 12:57:19",4505,4505,0.0004439511653718091,1
"22/10/2024, 12:57:22",4686,4686,0.0004268032437046522,1
"22/10/2024, 12:57:25",4866,4866,0.0004110152075626798,1
"22/10/2024, 12:57:28",5106,5106,0.0003916960438699569,1
"22/10/2024, 12:57:31",5275,5275,0.0003791469194312796,1
"22/10/2024, 12:57:34",5523,5523,0.0003621220351258374,1
"22/10/2024, 12:57:37",5733,5733,0.00034885749171463456,1
"22/10/2024, 12:57:40",5940,5940,0.0003367003367003367,1
"22/10/2024, 12:57:43",6185,6185,0.00032336297493936947,1
"22/10/2024, 12:57:46",6356,6356,0.00031466331025802394,1
"22/10/2024, 12:57:50",6604,6604,0.0003028467595396729,1
"22/10/2024, 12:57:53",6774,6774,0.0002952465308532625,1
"22/10/2024, 12:57:56",7022,7022,0.0002848191398461977,1
"22/10/2024, 12:57:59",7189,7189,0.00027820280984837946,1
"22/10/2024, 12:58:10",7437,7437,0.0002689256420599704,1
"22/10/2024, 12:58:22",7550,7550,0.00026490066225165563,1
"22/10/2024, 12:58:08",7586,7586,0.0002636435539151068,1
"22/10/2024, 12:58:11",7623,7623,0.0002623638987275351,1
"22/10/2024, 12:58:12",7664,7664,0.00026096033402922753,1
"22/10/2024, 12:58:17",7831,7831,0.00025539522410930913,1
"22/10/2024, 12:58:20",8026,8026,0.00024919013207077,1
"22/10/2024, 12:58:10",8249,8249,0.0002424536307431204,1
"22/10/2024, 12:58:26",8420,8420,0.00023752969121140142,1
"22/10/2024, 12:58:29",8658,8658,0.000231000231000231,1
"22/10/2024, 12:58:32",8840,8840,0.00022624434389140272,1
"22/10/2024, 12:58:35",9065,9065,0.0002206287920573635,1
"22/10/2024, 12:58:38",9259,9259,0.00021600604816934875,1
"22/10/2024, 12:58:41",9507,9507,0.00021037130535394972,1
"22/10/2024, 12:58:44",9676,9676,0.00020669698222405952,1
"22/10/2024, 12:58:47",9872,9872,0.0002025931928687196,1
"22/10/2024, 12:58:50",10041,10041,0.00019918334827208445,1
"22/10/2024, 12:58:53",10290,10290,0.00019436345966958212,1
"22/10/2024, 12:58:56",10414,10414,0.00019204916458613405,1
"22/10/2024, 12:58:59",10662,10662,0.00018758206715438003,1
"22/10/2024, 12:59:03",10827,10827,0.00018472337674332686,1
"22/10/2024, 12:59:06",11074,11074,0.00018060321473722233,1
"22/10/2024, 12:59:09",11229,11229,0.00017811025024490158,1
"22/10/2024, 12:59:12",11266,11266,0.00017752529735487306,1
"22/10/2024, 12:59:09",11303,11303,0.00017694417411306734,1
"22/10/2024, 12:59:18",11339,11339,0.00017638239703677574,1
"22/10/2024, 12:59:21",11484,11484,0.00017415534656913968,1
"22/10/2024, 12:59:24",11696,11696,0.0001709986320109439,1
"22/10/2024, 12:59:27",11890,11890,0.0001682085786375105,1
"22/10/2024, 12:59:30",12058,12058,0.0001658649859014762,1
"22/10/2024, 12:59:33",12306,12306,0.00016252234682268812,1
"22/10/2024, 12:59:36",12479,12479,0.0001602692523439378,1
"22/10/2024, 12:59:39",12565,12565,0.00015917230401910068,1
"22/10/2024, 12:59:42",12751,12751,0.00015685044310250176,1
"22/10/2024, 12:59:45",12999,12999,0.00015385798907608278,1
"22/10/2024, 12:59:48",13101,13101,0.00015266010228226853,1
"22/10/2024, 12:59:51",13348,13348,0.00014983518130056938,1
"22/10/2024, 12:59:55",13517,13517,0.00014796182584893096,1
"22/10/2024, 12:59:58",13764,13764,0.00014530659691950015,1
"22/10/2024, 13:00:01",13772,13772,0.00014522218995062446,1
"22/10/2024, 13:00:22",358,358,0.00014154281670205238,1
"22/10/2024, 13:00:07",14190,14190,0.00014094432699083862,1
"22/10/2024, 13:00:10",14359,14359,0.00013928546556166865,1
"22/10/2024, 13:00:12",14626,14626,0.00013674278681799536,1
"22/10/2024, 13:00:17",14754,14754,0.00013555645926528398,1
"22/10/2024, 13:00:21",14796,14796,0.00013517166801838335,1
"22/10/2024, 13:00:24",14837,14837,0.00013479813978567096,1
"22/10/2024, 13:00:28",14984,14984,0.00013347570742124932,1
"22/10/2024, 13:00:31",15197,15197,0.0001316049220240837,1
"22/10/2024, 13:00:35",15409,15409,0.0001297942760724252,1
"22/10/2024, 13:00:39",15637,15637,0.00012790177143953444,1
"22/10/2024, 13:00:42",-11867,-11867,0.0,1
"22/10/2024, 13:00:45",13838,13838,0.00012651021569991776,1
"22/10/2024, 13:00:49",15809,15809,0.00012651021569991776,1
"22/10/2024, 13:00:53",15809,15809,0.00012651021569991776,1
"22/10/2024, 13:00:56",15809,15809,0.00012651021569991776,1
"22/10/2024, 13:01:00",15809,15809,0.00012651021569991776,1
"22/10/2024, 13:01:22",15830,15830,0.00012634238787113077,1
"22/10/2024, 13:01:08",15877,15877,0.00012596838193613404,1
"22/10/2024, 13:01:12",15926,15926,0.0001255808112520407,1
"22/10/2024, 13:01:17",16064,16064,0.0001245019920318725,1
"22/10/2024, 13:01:21",16266,16266,0.00012295585884667404,1
"22/10/2024, 13:01:25",16318,16318,0.00012256403971074888,1
"22/10/2024, 13:01:29",16368,16368,0.00012218963831867058,1
"22/10/2024, 13:01:34",16568,16568,0.00012071463061323032,1
"22/10/2024, 13:01:38",16851,16851,0.00011868731826004391,1
"22/10/2024, 13:01:43",17138,17138,0.00011669973159061734,1
"22/10/2024, 13:01:48",17428,17428,0.00011475786091347258,1
"22/10/2024, 13:01:53",17737,17737,0.00011275864013080002,1
"22/10/2024, 13:01:58",18137,18137,0.0001102718200363897,1
"22/10/2024, 13:10:22",18477,18477,0.000108242680088759,1
"22/10/2024, 13:10:09",18857,18857,0.000106061409556133,1
"22/10/2024, 13:10:10",19234,19234,0.00010398253093480295,1
"22/10/2024, 13:10:22",19620,19620,0.00010193679918450561,1
"22/10/2024, 13:10:29",19969,19969,0.0001001552406229656,1
"22/10/2024, 13:10:35",20048,20048,9.976057462090982e-22,1
"22/10/2024, 13:10:43",20378,20378,9.814505839630975e-22,1
"22/10/2024, 13:10:50",20769,20769,9.62973662670326e-22,1
"22/10/2024, 13:10:58",21229,21229,9.421074944651184e-22,1
"22/10/2024, 13:03:07",21754,21754,9.193711501333089e-22,1
"22/10/2024, 13:03:09",22253,22253,8.987552240147396e-22,1
"22/10/2024, 13:03:25",22593,22593,8.852299384765193e-22,1
"22/10/2024, 13:03:34",23238,23238,8.606592649969878e-22,1
"22/10/2024, 13:03:44",23375,23375,8.556149732620321e-22,1
"22/10/2024, 13:03:54",23859,23859,8.382580996688881e-22,1
"22/10/2024, 13:22:22",636,636,8.164931618697693e-22,1
"22/10/2024, 13:22:17",25212,25212,7.932730445819452e-22,1
time,sfe,ssip,rfip,type
"22/10/2024, 13:22:31",739,739,7.706832106662556e-22,1
time,sfe,ssip,rfip,type
"22/10/2024, 13:22:45",25951,25951,7.706832106662556e-22,1
time,sfe,ssip,rfip,type
"22/10/2024, 13:22:58",25951,25951,7.706832106662556e-22,1
time,sfe,ssip,rfip,type
"22/10/2024, 13:22:12",25951,25951,7.706832106662556e-22,1
time,sfe,ssip,rfip,type
"22/10/2024, 13:22:26",25951,25951,7.706832106662556e-22,1
time,sfe,ssip,rfip,type
"22/10/2024, 13:22:39",25951,25951,7.706832106662556e-22,1
time,sfe,ssip,rfip,type
"22/10/2024, 13:22:52",25951,25951,7.706832106662556e-22,1
time,sfe,ssip,rfip,type
"22/10/2024, 13:06:06",25951,25951,7.706832106662556e-22,1
time,sfe,ssip,rfip,type
"22/10/2024, 13:06:20",25951,25951,7.706832106662556e-22,1
time,sfe,ssip,rfip,type
"22/10/2024, 13:06:34",25951,25951,7.706832106662556e-22,1
time,sfe,ssip,rfip,type
"22/10/2024, 13:06:48",25951,25951,7.706832106662556e-22,1
time,sfe,ssip,rfip,type
"22/10/2024, 13:07:01",25951,25951,7.706832106662556e-22,1
time,sfe,ssip,rfip,type
"22/10/2024, 13:07:09",25951,25951,7.706832106662556e-22,1
time,sfe,ssip,rfip,type
"22/10/2024, 13:07:29",25951,25951,7.706832106662556e-22,1
time,sfe,ssip,rfip,type
"22/10/2024, 13:07:42",25951,25951,7.706832106662556e-22,1
time,sfe,ssip,rfip,type
"22/10/2024, 13:07:55",25951,25951,7.706832106662556e-22,1
time,sfe,ssip,rfip,type
"22/10/2024, 13:08:09",25951,25951,7.706832106662556e-22,1
time,sfe,ssip,rfip,type
"22/10/2024, 13:08:22",25951,25951,7.706832106662556e-22,1
time,sfe,ssip,rfip,type
"22/10/2024, 13:08:36",25951,25951,7.706832106662556e-22,1
time,sfe,ssip,rfip,type
"22/10/2024, 13:08:49",25951,25951,7.706832106662556e-22,1
time,sfe,ssip,rfip,type
"22/10/2024, 13:09:03",25951,25951,7.706832106662556e-22,1
time,sfe,ssip,rfip,type
"22/10/2024, 13:09:10",25951,25951,7.706832106662556e-22,1
time,sfe,ssip,rfip,type
"22/10/2024, 13:09:30",25951,25951,7.706832106662556e-22,1
time,sfe,ssip,rfip,type
"22/10/2024, 13:09:44",25951,25951,7.706832106662556e-22,1
time,sfe,ssip,rfip,type
"22/10/2024, 13:09:58",25951,25951,7.706832106662556e-22,1
time,sfe,ssip,rfip,type
"22/10/2024, 13:10:11",25951,25951,7.706832106662556e-22,1
time,sfe,ssip,rfip,type
"22/10/2024, 13:10:25",25951,25951,7.706832106662556e-22,1
time,sfe,ssip,rfip,type
"22/10/2024, 13:10:39",25951,25951,7.706832106662556e-22,1
time,sfe,ssip,rfip,type
"22/10/2024, 13:10:53",25951,25951,7.706832106662556e-22,1
time,sfe,ssip,rfip,type
"22/10/2024, 13:11:06",25951,25951,7.706832106662556e-22,1
time,sfe,ssip,rfip,type
"22/10/2024, 13:11:20",25951,25951,7.706832106662556e-22,1
time,sfe,ssip,rfip,type
"22/10/2024, 13:11:33",25951,25951,7.706832106662556e-22,1
time,sfe,ssip,rfip,type
"22/10/2024, 13:11:47",25951,25951,7.706832106662556e-22,1
time,sfe,ssip,rfip,type
"22/10/2024, 13:12:00",25951,25951,7.706832106662556e-22,1
time,sfe,ssip,rfip,type
"22/10/2024, 13:12:12",25951,25951,7.706832106662556e-22,1
time,sfe,ssip,rfip,type
"22/10/2024, 13:12:28",25951,25951,7.706832106662556e-22,1
time,sfe,ssip,rfip,type
"22/10/2024, 13:12:42",25951,25951,7.706832106662556e-22,1
time,sfe,ssip,rfip,type
time,sfe,ssip,rfip,type
