time,flowcount
"22/10/2024, 15:10:27",3
"22/10/2024, 15:10:30",10
"22/10/2024, 15:10:33",15
"22/10/2024, 15:10:36",19
"22/10/2024, 15:10:39",21
"22/10/2024, 15:10:42",25
"22/10/2024, 15:10:45",31
"22/10/2024, 15:10:48",39
"22/10/2024, 15:10:51",39
"22/10/2024, 15:10:54",49
"22/10/2024, 15:10:57",51
"22/10/2024, 15:17:00",53
"22/10/2024, 15:17:03",59
"22/10/2024, 15:17:06",59
"22/10/2024, 15:17:09",61
"22/10/2024, 15:17:12",67
"22/10/2024, 15:17:15",73
"22/10/2024, 15:17:18",73
"22/10/2024, 15:17:21",75
"22/10/2024, 15:17:24",79
"22/10/2024, 15:17:27",81
"22/10/2024, 15:17:30",81
"22/10/2024, 15:17:33",85
"22/10/2024, 15:17:36",85
"22/10/2024, 15:17:39",89
"22/10/2024, 15:17:42",89
"22/10/2024, 15:17:45",89
"22/10/2024, 15:17:48",89
"22/10/2024, 15:17:51",89
"22/10/2024, 15:17:54",89
"22/10/2024, 15:17:57",91
"22/10/2024, 15:18:00",91
"22/10/2024, 15:18:03",91
"22/10/2024, 15:18:06",91
"22/10/2024, 15:18:09",91
"22/10/2024, 15:18:12",91
"22/10/2024, 15:18:15",91
"22/10/2024, 15:18:18",91
"22/10/2024, 15:18:21",91
"22/10/2024, 15:18:24",91
"22/10/2024, 15:18:27",91
"22/10/2024, 15:18:30",91
"22/10/2024, 15:18:33",91
"22/10/2024, 15:18:36",91
"22/10/2024, 15:18:39",91
"22/10/2024, 15:18:42",91
"22/10/2024, 15:18:45",91
"22/10/2024, 15:18:48",91
"22/10/2024, 15:18:51",91
"22/10/2024, 15:18:54",91
"22/10/2024, 15:18:57",91
"22/10/2024, 15:19:00",91
"22/10/2024, 15:19:03",91
"22/10/2024, 15:19:06",91
"22/10/2024, 15:19:09",91
"22/10/2024, 15:19:12",91
"22/10/2024, 15:19:15",91
"22/10/2024, 15:19:18",91
"22/10/2024, 15:19:21",91
"22/10/2024, 15:19:24",91
"22/10/2024, 15:19:27",91
"22/10/2024, 15:19:30",91
"22/10/2024, 15:19:33",91
"22/10/2024, 15:19:36",91
"22/10/2024, 15:19:39",91
"22/10/2024, 15:19:42",91
"22/10/2024, 15:19:45",91
"22/10/2024, 15:19:48",91
"22/10/2024, 15:19:51",91
"22/10/2024, 15:19:54",91
"22/10/2024, 15:19:57",91
"22/10/2024, 15:20:00",91
"22/10/2024, 15:20:03",91
"22/10/2024, 15:20:06",91
"22/10/2024, 15:20:09",91
"22/10/2024, 15:20:12",91
"22/10/2024, 15:20:15",91
"22/10/2024, 15:20:18",91
"22/10/2024, 15:20:21",91
"22/10/2024, 15:20:24",91
"22/10/2024, 15:20:27",91
"22/10/2024, 15:20:30",91
"22/10/2024, 15:20:33",91
"22/10/2024, 15:20:36",91
"22/10/2024, 15:20:39",91
"22/10/2024, 15:20:42",91
"22/10/2024, 15:20:45",91
"22/10/2024, 15:20:48",91
"22/10/2024, 15:20:51",91
"22/10/2024, 15:20:54",91
"22/10/2024, 15:20:57",91
"22/10/2024, 15:21:00",91
"22/10/2024, 15:21:03",91
"22/10/2024, 15:21:06",91
"22/10/2024, 15:21:09",91
"22/10/2024, 15:21:12",91
"22/10/2024, 15:21:15",91
"22/10/2024, 15:21:18",91
"22/10/2024, 15:21:21",91
"22/10/2024, 15:21:24",91
"22/10/2024, 15:21:27",91
time,flowcount
"22/10/2024, 15:22:24",239
"22/10/2024, 15:22:27",537
"22/10/2024, 15:22:30",834
"22/10/2024, 15:22:33",1019
"22/10/2024, 15:22:36",1218
"22/10/2024, 15:22:39",1417
"22/10/2024, 15:22:42",1615
"22/10/2024, 15:22:45",1814
"22/10/2024, 15:22:48",2003
"22/10/2024, 15:22:51",2108
"22/10/2024, 15:22:54",2257
"22/10/2024, 15:22:57",2407
"22/10/2024, 15:23:00",2556
"22/10/2024, 15:23:03",2705
"22/10/2024, 15:23:06",2855
"22/10/2024, 15:23:09",3003
"22/10/2024, 15:23:12",3081
"22/10/2024, 15:23:15",3201
"22/10/2024, 15:23:18",3320
"22/10/2024, 15:23:21",3440
"22/10/2024, 15:23:24",3560
"22/10/2024, 15:23:27",3679
"22/10/2024, 15:23:30",3799
"22/10/2024, 15:23:33",3919
"22/10/2024, 15:23:36",4003
"22/10/2024, 15:23:39",4096
"22/10/2024, 15:23:42",4196
"22/10/2024, 15:23:45",4296
"22/10/2024, 15:23:48",4395
"22/10/2024, 15:23:51",4495
"22/10/2024, 15:23:54",4595
"22/10/2024, 15:23:57",4694
"22/10/2024, 15:24:00",4794
"22/10/2024, 15:24:03",4894
"22/10/2024, 15:24:06",4993
"22/10/2024, 15:24:09",5051
"22/10/2024, 15:24:12",5136
"22/10/2024, 15:24:10",5221
"22/10/2024, 15:24:19",5307
"22/10/2024, 15:24:22",5392
"22/10/2024, 15:24:25",5478
"22/10/2024, 15:24:28",5563
"22/10/2024, 15:24:31",5649
"22/10/2024, 15:24:34",5734
"22/10/2024, 15:24:37",5820
"22/10/2024, 15:24:40",5905
"22/10/2024, 15:24:43",5991
"22/10/2024, 15:24:46",6042
"22/10/2024, 15:24:49",6117
"22/10/2024, 15:24:52",6191
"22/10/2024, 15:24:55",6266
"22/10/2024, 15:24:58",6341
"22/10/2024, 15:25:01",6416
"22/10/2024, 15:25:22",6490
"22/10/2024, 15:25:07",6565
"22/10/2024, 15:25:10",6640
"22/10/2024, 15:25:13",6715
"22/10/2024, 15:25:10",6790
"22/10/2024, 15:25:19",6864
"22/10/2024, 15:25:22",6939
"22/10/2024, 15:25:25",7003
"22/10/2024, 15:25:28",7056
"22/10/2024, 15:25:31",7123
"22/10/2024, 15:25:34",7189
"22/10/2024, 15:25:37",7256
"22/10/2024, 15:25:40",7322
"22/10/2024, 15:25:43",7389
"22/10/2024, 15:25:46",7455
"22/10/2024, 15:25:49",7503
"22/10/2024, 15:25:52",7559
"22/10/2024, 15:25:55",7619
"22/10/2024, 15:25:58",7679
"22/10/2024, 15:26:01",7738
"22/10/2024, 15:26:22",7798
"22/10/2024, 15:26:07",7858
"22/10/2024, 15:26:10",7918
"22/10/2024, 15:26:13",7978
"22/10/2024, 15:26:10",8017
"22/10/2024, 15:26:19",8077
"22/10/2024, 15:26:22",8137
"22/10/2024, 15:26:25",8197
"22/10/2024, 15:26:28",8256
"22/10/2024, 15:26:31",8316
"22/10/2024, 15:26:35",8376
"22/10/2024, 15:26:38",8436
"22/10/2024, 15:26:40",8496
"22/10/2024, 15:26:44",8656
"22/10/2024, 15:26:47",8952
"22/10/2024, 15:26:50",9246
"22/10/2024, 15:26:53",9503
"22/10/2024, 15:26:56",9654
"22/10/2024, 15:26:59",9850
"22/10/2024, 15:27:10",10047
"22/10/2024, 15:27:22",10243
"22/10/2024, 15:27:08",10440
"22/10/2024, 15:27:10",10551
"22/10/2024, 15:27:14",10699
"22/10/2024, 15:27:18",10847
"22/10/2024, 15:27:21",10889
"22/10/2024, 15:27:24",10997
time,flowcount
"22/10/2024, 15:28:26",7
"22/10/2024, 15:28:29",13
"22/10/2024, 15:28:32",17
"22/10/2024, 15:28:35",27
"22/10/2024, 15:28:38",31
"22/10/2024, 15:28:41",37
"22/10/2024, 15:28:44",41
"22/10/2024, 15:28:47",41
"22/10/2024, 15:28:50",49
"22/10/2024, 15:28:53",55
"22/10/2024, 15:28:56",55
"22/10/2024, 15:28:59",61
"22/10/2024, 15:29:10",63
"22/10/2024, 15:29:22",67
"22/10/2024, 15:29:08",67
"22/10/2024, 15:29:10",71
"22/10/2024, 15:29:14",71
"22/10/2024, 15:29:17",75
"22/10/2024, 15:29:20",75
"22/10/2024, 15:29:23",77
"22/10/2024, 15:29:26",79
"22/10/2024, 15:29:29",81
"22/10/2024, 15:29:32",81
"22/10/2024, 15:29:35",81
"22/10/2024, 15:29:38",83
"22/10/2024, 15:29:41",85
"22/10/2024, 15:29:44",85
"22/10/2024, 15:29:47",87
"22/10/2024, 15:29:50",87
"22/10/2024, 15:29:53",87
"22/10/2024, 15:29:56",89
"22/10/2024, 15:29:59",89
"22/10/2024, 15:30:10",89
"22/10/2024, 15:30:22",89
"22/10/2024, 15:30:08",91
"22/10/2024, 15:30:10",91
"22/10/2024, 15:30:14",91
"22/10/2024, 15:30:17",91
"22/10/2024, 15:30:20",91
"22/10/2024, 15:30:23",91
"22/10/2024, 15:30:26",91
"22/10/2024, 15:30:29",91
"22/10/2024, 15:30:32",91
"22/10/2024, 15:30:35",91
"22/10/2024, 15:30:38",91
"22/10/2024, 15:30:41",91
"22/10/2024, 15:30:44",91
"22/10/2024, 15:30:47",91
"22/10/2024, 15:30:50",91
"22/10/2024, 15:30:53",91
"22/10/2024, 15:30:56",91
"22/10/2024, 15:30:59",91
"22/10/2024, 15:31:10",91
"22/10/2024, 15:31:22",91
"22/10/2024, 15:31:08",91
"22/10/2024, 15:31:10",91
"22/10/2024, 15:31:14",91
"22/10/2024, 15:31:17",91
"22/10/2024, 15:31:20",91
"22/10/2024, 15:31:23",91
"22/10/2024, 15:31:26",91
"22/10/2024, 15:31:29",91
"22/10/2024, 15:31:32",91
"22/10/2024, 15:31:35",91
"22/10/2024, 15:31:38",91
"22/10/2024, 15:31:41",91
"22/10/2024, 15:31:44",91
"22/10/2024, 15:31:47",91
"22/10/2024, 15:31:50",91
"22/10/2024, 15:31:53",91
"22/10/2024, 15:31:56",91
"22/10/2024, 15:31:59",91
"22/10/2024, 15:32:10",91
"22/10/2024, 15:32:22",91
"22/10/2024, 15:32:08",91
"22/10/2024, 15:32:10",91
"22/10/2024, 15:32:14",91
"22/10/2024, 15:32:17",91
"22/10/2024, 15:32:20",91
"22/10/2024, 15:32:23",91
"22/10/2024, 15:32:26",91
"22/10/2024, 15:32:29",91
"22/10/2024, 15:32:32",91
"22/10/2024, 15:32:35",91
"22/10/2024, 15:32:38",91
"22/10/2024, 15:32:41",91
"22/10/2024, 15:32:44",91
"22/10/2024, 15:32:47",91
"22/10/2024, 15:32:50",91
"22/10/2024, 15:32:53",91
"22/10/2024, 15:32:56",91
"22/10/2024, 15:32:59",91
"22/10/2024, 15:33:10",91
"22/10/2024, 15:33:22",91
"22/10/2024, 15:33:08",91
"22/10/2024, 15:33:10",91
"22/10/2024, 15:33:14",91
"22/10/2024, 15:33:17",91
"22/10/2024, 15:33:20",91
"22/10/2024, 15:33:23",91
"22/10/2024, 15:33:26",91
time,flowcount
"22/10/2024, 15:34:43",208
"22/10/2024, 15:34:46",209
"22/10/2024, 15:34:49",209
"22/10/2024, 15:34:52",209
"22/10/2024, 15:34:55",209
"22/10/2024, 15:34:58",209
"22/10/2024, 15:35:01",209
"22/10/2024, 15:35:22",209
"22/10/2024, 15:35:07",209
"22/10/2024, 15:35:10",209
"22/10/2024, 15:35:13",209
"22/10/2024, 15:35:10",209
"22/10/2024, 15:35:19",209
"22/10/2024, 15:35:22",209
"22/10/2024, 15:35:25",209
"22/10/2024, 15:35:28",209
"22/10/2024, 15:35:31",209
"22/10/2024, 15:35:34",209
"22/10/2024, 15:35:37",209
"22/10/2024, 15:35:40",209
"22/10/2024, 15:35:43",209
"22/10/2024, 15:35:46",209
"22/10/2024, 15:35:49",209
"22/10/2024, 15:35:52",209
"22/10/2024, 15:35:55",209
"22/10/2024, 15:35:58",209
"22/10/2024, 15:36:01",209
"22/10/2024, 15:36:22",209
"22/10/2024, 15:36:07",209
"22/10/2024, 15:36:10",209
"22/10/2024, 15:36:13",209
"22/10/2024, 15:36:10",209
"22/10/2024, 15:36:19",209
"22/10/2024, 15:36:22",209
"22/10/2024, 15:36:25",209
"22/10/2024, 15:36:28",209
"22/10/2024, 15:36:31",209
"22/10/2024, 15:36:34",209
"22/10/2024, 15:36:37",209
"22/10/2024, 15:36:40",209
"22/10/2024, 15:36:43",209
"22/10/2024, 15:36:46",209
"22/10/2024, 15:36:49",209
"22/10/2024, 15:36:52",209
"22/10/2024, 15:36:55",209
"22/10/2024, 15:36:58",209
"22/10/2024, 15:37:01",209
"22/10/2024, 15:37:22",209
"22/10/2024, 15:37:07",209
"22/10/2024, 15:37:10",209
"22/10/2024, 15:37:13",209
"22/10/2024, 15:37:10",209
"22/10/2024, 15:37:19",209
"22/10/2024, 15:37:22",209
"22/10/2024, 15:37:25",209
"22/10/2024, 15:37:28",209
"22/10/2024, 15:37:31",209
"22/10/2024, 15:37:34",209
"22/10/2024, 15:37:37",209
"22/10/2024, 15:37:40",209
"22/10/2024, 15:37:43",209
"22/10/2024, 15:37:46",209
"22/10/2024, 15:37:49",209
"22/10/2024, 15:37:52",209
"22/10/2024, 15:37:55",209
"22/10/2024, 15:37:58",209
"22/10/2024, 15:38:01",209
"22/10/2024, 15:38:22",209
"22/10/2024, 15:38:07",209
"22/10/2024, 15:38:10",209
"22/10/2024, 15:38:13",209
"22/10/2024, 15:38:10",209
"22/10/2024, 15:38:19",209
"22/10/2024, 15:38:22",209
"22/10/2024, 15:38:25",209
"22/10/2024, 15:38:28",209
"22/10/2024, 15:38:31",209
"22/10/2024, 15:38:34",209
"22/10/2024, 15:38:37",209
"22/10/2024, 15:38:40",209
"22/10/2024, 15:38:43",209
"22/10/2024, 15:38:46",209
"22/10/2024, 15:38:49",209
"22/10/2024, 15:38:52",209
"22/10/2024, 15:38:55",209
"22/10/2024, 15:38:58",209
"22/10/2024, 15:39:01",209
"22/10/2024, 15:39:22",209
"22/10/2024, 15:39:07",209
"22/10/2024, 15:39:10",209
"22/10/2024, 15:39:13",209
"22/10/2024, 15:39:10",209
"22/10/2024, 15:39:19",209
"22/10/2024, 15:39:22",209
"22/10/2024, 15:39:25",209
"22/10/2024, 15:39:28",209
"22/10/2024, 15:39:31",209
"22/10/2024, 15:39:34",209
"22/10/2024, 15:39:37",209
"22/10/2024, 15:39:40",209
time,flowcount
"22/10/2024, 23:19:13",5
"22/10/2024, 23:19:10",9
"22/10/2024, 23:19:19",10
"22/10/2024, 23:19:22",15
"22/10/2024, 23:19:25",19
"22/10/2024, 23:19:28",25
"22/10/2024, 23:19:31",29
"22/10/2024, 23:19:34",39
"22/10/2024, 23:19:37",43
"22/10/2024, 23:19:40",45
"22/10/2024, 23:19:43",49
"22/10/2024, 23:19:46",53
"22/10/2024, 23:19:49",57
"22/10/2024, 23:19:52",57
"22/10/2024, 23:19:55",59
"22/10/2024, 23:19:58",65
"22/10/2024, 23:20:01",67
"22/10/2024, 23:20:22",69
"22/10/2024, 23:20:07",71
"22/10/2024, 23:20:10",73
"22/10/2024, 23:20:13",75
"22/10/2024, 23:20:10",79
"22/10/2024, 23:20:19",81
"22/10/2024, 23:20:22",81
"22/10/2024, 23:20:25",83
"22/10/2024, 23:20:28",83
"22/10/2024, 23:20:31",85
"22/10/2024, 23:20:34",85
"22/10/2024, 23:20:37",89
"22/10/2024, 23:20:40",91
"22/10/2024, 23:20:43",91
"22/10/2024, 23:20:46",91
"22/10/2024, 23:20:49",91
"22/10/2024, 23:20:52",91
"22/10/2024, 23:20:55",91
"22/10/2024, 23:20:58",91
"22/10/2024, 23:21:01",91
"22/10/2024, 23:21:22",91
"22/10/2024, 23:21:07",91
"22/10/2024, 23:21:10",91
"22/10/2024, 23:21:13",91
"22/10/2024, 23:21:10",91
"22/10/2024, 23:21:19",91
"22/10/2024, 23:21:22",91
"22/10/2024, 23:21:25",91
"22/10/2024, 23:21:28",91
"22/10/2024, 23:21:31",91
"22/10/2024, 23:21:34",91
"22/10/2024, 23:21:37",91
"22/10/2024, 23:21:40",91
"22/10/2024, 23:21:43",91
"22/10/2024, 23:21:46",91
"22/10/2024, 23:21:49",91
"22/10/2024, 23:21:52",91
"22/10/2024, 23:21:55",91
"22/10/2024, 23:21:58",91
"22/10/2024, 23:22:01",91
"22/10/2024, 23:22:22",91
"22/10/2024, 23:22:07",91
"22/10/2024, 23:22:10",91
"22/10/2024, 23:22:13",91
"22/10/2024, 23:22:10",91
"22/10/2024, 23:22:19",91
"22/10/2024, 23:22:23",91
"22/10/2024, 23:22:26",91
"22/10/2024, 23:22:29",91
"22/10/2024, 23:22:31",91
"22/10/2024, 23:22:35",91
"22/10/2024, 23:22:38",91
"22/10/2024, 23:22:41",91
"22/10/2024, 23:22:44",91
"22/10/2024, 23:22:47",91
"22/10/2024, 23:22:50",91
"22/10/2024, 23:22:53",91
"22/10/2024, 23:22:56",91
"22/10/2024, 23:22:59",91
"22/10/2024, 23:23:10",91
"22/10/2024, 23:23:22",91
"22/10/2024, 23:23:08",91
"22/10/2024, 23:23:10",91
"22/10/2024, 23:23:14",91
"22/10/2024, 23:23:17",91
"22/10/2024, 23:23:20",91
"22/10/2024, 23:23:23",91
"22/10/2024, 23:23:26",91
"22/10/2024, 23:23:29",91
"22/10/2024, 23:23:32",91
"22/10/2024, 23:23:35",91
time,flowcount
"22/10/2024, 23:27:55",1
"22/10/2024, 23:27:58",89
"22/10/2024, 23:28:01",128
"22/10/2024, 23:28:22",188
"22/10/2024, 23:28:07",247
"22/10/2024, 23:28:10",307
"22/10/2024, 23:28:13",367
"22/10/2024, 23:28:10",426
"22/10/2024, 23:28:19",486
"22/10/2024, 23:28:22",546
"22/10/2024, 23:28:25",598
"22/10/2024, 23:28:28",830
"22/10/2024, 23:28:31",1127
"22/10/2024, 23:28:34",1423
"22/10/2024, 23:28:37",1610
"22/10/2024, 23:28:40",1808
"22/10/2024, 23:28:43",2006
"22/10/2024, 23:28:46",2203
"22/10/2024, 23:28:49",2401
"22/10/2024, 23:28:52",2599
"22/10/2024, 23:28:55",2695
"22/10/2024, 23:28:58",2843
"22/10/2024, 23:29:01",2992
"22/10/2024, 23:29:22",3102
time,flowcount
"22/10/2024, 23:30:48",9
"22/10/2024, 23:30:51",15
"22/10/2024, 23:30:54",19
"22/10/2024, 23:30:57",21
"22/10/2024, 23:31:00",25
"22/10/2024, 23:31:03",27
"22/10/2024, 23:31:06",35
"22/10/2024, 23:31:09",41
"22/10/2024, 23:31:12",47
"22/10/2024, 23:31:15",49
"22/10/2024, 23:31:18",55
"22/10/2024, 23:31:21",55
"22/10/2024, 23:31:24",61
"22/10/2024, 23:31:27",63
"22/10/2024, 23:31:30",71
"22/10/2024, 23:31:33",73
"22/10/2024, 23:31:36",79
"22/10/2024, 23:31:39",85
"22/10/2024, 23:31:42",87
"22/10/2024, 23:31:45",87
"22/10/2024, 23:31:48",87
"22/10/2024, 23:31:51",87
"22/10/2024, 23:31:54",91
"22/10/2024, 23:31:57",91
"22/10/2024, 23:32:00",91
"22/10/2024, 23:32:03",91
"22/10/2024, 23:32:06",91
"22/10/2024, 23:32:09",91
"22/10/2024, 23:32:12",91
"22/10/2024, 23:32:15",91
"22/10/2024, 23:32:18",91
"22/10/2024, 23:32:21",91
"22/10/2024, 23:32:24",91
"22/10/2024, 23:32:28",91
"22/10/2024, 23:32:30",91
"22/10/2024, 23:32:33",91
"22/10/2024, 23:32:36",91
"22/10/2024, 23:32:39",91
"22/10/2024, 23:32:42",91
"22/10/2024, 23:32:45",91
"22/10/2024, 23:32:48",91
"22/10/2024, 23:32:51",91
"22/10/2024, 23:32:55",91
"22/10/2024, 23:32:58",91
"22/10/2024, 23:33:01",91
"22/10/2024, 23:33:22",91
"22/10/2024, 23:33:07",91
"22/10/2024, 23:33:10",91
"22/10/2024, 23:33:13",91
"22/10/2024, 23:33:10",91
"22/10/2024, 23:33:19",91
"22/10/2024, 23:33:22",91
"22/10/2024, 23:33:25",91
"22/10/2024, 23:33:28",91
"22/10/2024, 23:33:31",91
"22/10/2024, 23:33:34",91
"22/10/2024, 23:33:37",91
"22/10/2024, 23:33:40",91
"22/10/2024, 23:33:43",91
"22/10/2024, 23:33:46",91
"22/10/2024, 23:33:49",91
"22/10/2024, 23:33:52",91
"22/10/2024, 23:33:55",91
"22/10/2024, 23:33:58",91
"22/10/2024, 23:34:01",91
"22/10/2024, 23:34:22",91
"22/10/2024, 23:34:07",91
"22/10/2024, 23:34:10",91
"22/10/2024, 23:34:13",91
"22/10/2024, 23:34:10",91
"22/10/2024, 23:34:19",91
"22/10/2024, 23:34:22",91
"22/10/2024, 23:34:25",91
"22/10/2024, 23:34:28",91
"22/10/2024, 23:34:31",91
"22/10/2024, 23:34:34",91
"22/10/2024, 23:34:37",91
"22/10/2024, 23:34:40",91
"22/10/2024, 23:34:43",91
"22/10/2024, 23:34:46",91
"22/10/2024, 23:34:49",91
"22/10/2024, 23:34:52",91
"22/10/2024, 23:34:55",91
"22/10/2024, 23:34:58",91
"22/10/2024, 23:35:01",91
"22/10/2024, 23:35:22",91
"22/10/2024, 23:35:07",91
"22/10/2024, 23:35:10",91
"22/10/2024, 23:35:13",91
"22/10/2024, 23:35:10",91
"22/10/2024, 23:35:19",91
"22/10/2024, 23:35:22",91
"22/10/2024, 23:35:25",91
"22/10/2024, 23:35:28",91
"22/10/2024, 23:35:31",91
"22/10/2024, 23:35:34",91
"22/10/2024, 23:35:37",91
"22/10/2024, 23:35:40",91
"22/10/2024, 23:35:43",91
time,flowcount
"22/10/2024, 23:36:31",1
"22/10/2024, 23:36:34",313
"22/10/2024, 23:36:37",315
"22/10/2024, 23:36:40",315
"22/10/2024, 23:36:43",315
"22/10/2024, 23:36:46",315
"22/10/2024, 23:36:49",315
"22/10/2024, 23:36:52",315
"22/10/2024, 23:36:55",315
"22/10/2024, 23:36:58",315
"22/10/2024, 23:37:01",315
"22/10/2024, 23:37:22",315
"22/10/2024, 23:37:07",315
"22/10/2024, 23:37:10",315
"22/10/2024, 23:37:13",315
"22/10/2024, 23:37:10",315
"22/10/2024, 23:37:19",315
"22/10/2024, 23:37:22",315
"22/10/2024, 23:37:25",315
"22/10/2024, 23:37:28",315
"22/10/2024, 23:37:31",315
"22/10/2024, 23:37:34",315
"22/10/2024, 23:37:37",315
"22/10/2024, 23:37:40",315
"22/10/2024, 23:37:43",315
"22/10/2024, 23:37:46",315
"22/10/2024, 23:37:49",315
"22/10/2024, 23:37:52",315
"22/10/2024, 23:37:55",315
"22/10/2024, 23:37:58",315
"22/10/2024, 23:38:01",315
"22/10/2024, 23:38:22",315
"22/10/2024, 23:38:07",315
"22/10/2024, 23:38:10",315
"22/10/2024, 23:38:13",315
"22/10/2024, 23:38:10",315
"22/10/2024, 23:38:19",315
"22/10/2024, 23:38:22",315
"22/10/2024, 23:38:25",315
"22/10/2024, 23:38:28",315
"22/10/2024, 23:38:31",315
"22/10/2024, 23:38:34",315
"22/10/2024, 23:38:37",315
"22/10/2024, 23:38:40",315
"22/10/2024, 23:38:43",315
"22/10/2024, 23:38:46",315
"22/10/2024, 23:38:49",315
"22/10/2024, 23:38:52",315
"22/10/2024, 23:38:55",315
"22/10/2024, 23:38:58",315
"22/10/2024, 23:39:01",315
"22/10/2024, 23:39:22",315
"22/10/2024, 23:39:07",315
"22/10/2024, 23:39:10",315
"22/10/2024, 23:39:13",315
"22/10/2024, 23:39:10",315
"22/10/2024, 23:39:19",315
"22/10/2024, 23:39:22",315
"22/10/2024, 23:39:25",315
"22/10/2024, 23:39:28",315
"22/10/2024, 23:39:31",315
"22/10/2024, 23:39:34",315
"22/10/2024, 23:39:37",315
"22/10/2024, 23:39:40",315
"22/10/2024, 23:39:43",315
"22/10/2024, 23:39:46",315
"22/10/2024, 23:39:49",315
"22/10/2024, 23:39:52",315
"22/10/2024, 23:39:55",315
"22/10/2024, 23:39:58",315
"22/10/2024, 23:40:01",315
"22/10/2024, 23:40:22",315
"22/10/2024, 23:40:07",315
"22/10/2024, 23:40:10",315
"22/10/2024, 23:40:13",315
"22/10/2024, 23:40:10",315
"22/10/2024, 23:40:19",315
"22/10/2024, 23:40:22",315
"22/10/2024, 23:40:25",315
"22/10/2024, 23:40:28",315
"22/10/2024, 23:40:31",315
"22/10/2024, 23:40:34",315
"22/10/2024, 23:40:37",314
"22/10/2024, 23:40:40",314
"22/10/2024, 23:40:43",315
"22/10/2024, 23:40:46",315
"22/10/2024, 23:40:49",315
"22/10/2024, 23:40:52",315
"22/10/2024, 23:40:55",315
"22/10/2024, 23:40:58",315
"22/10/2024, 23:41:01",315
"22/10/2024, 23:41:22",315
"22/10/2024, 23:41:07",315
time,flowcount
"22/10/2024, 23:53:25",7
"22/10/2024, 23:53:28",10
"22/10/2024, 23:53:31",17
"22/10/2024, 23:53:34",19
"22/10/2024, 23:53:37",23
"22/10/2024, 23:53:40",27
"22/10/2024, 23:53:43",33
"22/10/2024, 23:53:46",35
"22/10/2024, 23:53:49",43
"22/10/2024, 23:53:52",51
"22/10/2024, 23:53:55",53
"22/10/2024, 23:53:58",53
"22/10/2024, 23:54:01",57
"22/10/2024, 23:54:22",61
"22/10/2024, 23:54:07",63
"22/10/2024, 23:54:10",63
"22/10/2024, 23:54:13",69
"22/10/2024, 23:54:10",71
"22/10/2024, 23:54:19",77
"22/10/2024, 23:54:22",79
"22/10/2024, 23:54:25",79
"22/10/2024, 23:54:28",81
"22/10/2024, 23:54:31",83
"22/10/2024, 23:54:34",85
"22/10/2024, 23:54:37",85
"22/10/2024, 23:54:40",85
"22/10/2024, 23:54:43",87
"22/10/2024, 23:54:46",87
"22/10/2024, 23:54:49",87
"22/10/2024, 23:54:52",89
"22/10/2024, 23:54:55",89
"22/10/2024, 23:54:58",89
"22/10/2024, 23:55:01",89
"22/10/2024, 23:55:22",89
"22/10/2024, 23:55:07",89
"22/10/2024, 23:55:10",91
"22/10/2024, 23:55:13",91
"22/10/2024, 23:55:10",91
"22/10/2024, 23:55:19",91
"22/10/2024, 23:55:22",91
"22/10/2024, 23:55:25",91
"22/10/2024, 23:55:28",91
"22/10/2024, 23:55:31",91
"22/10/2024, 23:55:34",91
"22/10/2024, 23:55:37",91
"22/10/2024, 23:55:40",91
"22/10/2024, 23:55:43",91
"22/10/2024, 23:55:46",91
"22/10/2024, 23:55:49",91
"22/10/2024, 23:55:52",91
"22/10/2024, 23:55:55",91
"22/10/2024, 23:55:58",91
"22/10/2024, 23:56:01",91
"22/10/2024, 23:56:22",91
"22/10/2024, 23:56:07",91
"22/10/2024, 23:56:10",91
"22/10/2024, 23:56:13",91
"22/10/2024, 23:56:10",91
"22/10/2024, 23:56:19",91
"22/10/2024, 23:56:22",91
"22/10/2024, 23:56:25",91
"22/10/2024, 23:56:28",91
"22/10/2024, 23:56:31",91
"22/10/2024, 23:56:34",91
"22/10/2024, 23:56:37",91
"22/10/2024, 23:56:40",91
"22/10/2024, 23:56:43",91
"22/10/2024, 23:56:46",91
"22/10/2024, 23:56:49",91
"22/10/2024, 23:56:52",91
"22/10/2024, 23:56:55",91
"22/10/2024, 23:56:58",91
"22/10/2024, 23:57:01",91
"22/10/2024, 23:57:22",91
"22/10/2024, 23:57:07",91
"22/10/2024, 23:57:10",91
"22/10/2024, 23:57:13",91
"22/10/2024, 23:57:10",91
"22/10/2024, 23:57:19",91
"22/10/2024, 23:57:22",91
"22/10/2024, 23:57:25",91
"22/10/2024, 23:57:28",91
"22/10/2024, 23:57:31",91
"22/10/2024, 23:57:34",91
"22/10/2024, 23:57:37",91
"22/10/2024, 23:57:40",91
"22/10/2024, 23:57:43",91
"22/10/2024, 23:57:46",91
"22/10/2024, 23:57:49",91
"22/10/2024, 23:57:52",91
"22/10/2024, 23:57:55",91
"22/10/2024, 23:57:58",91
"22/10/2024, 23:58:01",91
"22/10/2024, 23:58:22",91
"22/10/2024, 23:58:07",91
"22/10/2024, 23:58:10",91
time,flowcount
"22/10/2024, 00:22:28",1
"22/10/2024, 00:22:31",17
"22/10/2024, 00:22:34",27
"22/10/2024, 00:22:37",37
"22/10/2024, 00:22:40",41
"22/10/2024, 00:22:43",43
"22/10/2024, 00:22:46",45
"22/10/2024, 00:22:49",55
"22/10/2024, 00:22:52",59
"22/10/2024, 00:22:55",63
"22/10/2024, 00:22:58",67
"22/10/2024, 00:22:01",71
"22/10/2024, 00:22:22",71
"22/10/2024, 00:22:07",77
"22/10/2024, 00:22:10",77
"22/10/2024, 00:22:13",85
"22/10/2024, 00:22:10",85
"22/10/2024, 00:22:19",87
"22/10/2024, 00:22:22",87
"22/10/2024, 00:22:25",87
"22/10/2024, 00:22:28",89
"22/10/2024, 00:22:31",89
"22/10/2024, 00:22:34",89
"22/10/2024, 00:22:37",91
"22/10/2024, 00:22:40",91
"22/10/2024, 00:22:43",91
"22/10/2024, 00:22:46",91
"22/10/2024, 00:22:49",91
"22/10/2024, 00:22:52",91
"22/10/2024, 00:22:55",91
"22/10/2024, 00:22:58",91
"22/10/2024, 00:06:01",91
"22/10/2024, 00:06:22",91
"22/10/2024, 00:06:07",91
"22/10/2024, 00:06:10",91
"22/10/2024, 00:06:13",91
"22/10/2024, 00:06:10",91
"22/10/2024, 00:06:19",91
"22/10/2024, 00:06:22",91
"22/10/2024, 00:06:25",91
"22/10/2024, 00:06:28",91
"22/10/2024, 00:06:31",91
"22/10/2024, 00:06:34",91
"22/10/2024, 00:06:37",91
"22/10/2024, 00:06:40",91
"22/10/2024, 00:06:43",91
"22/10/2024, 00:06:46",91
"22/10/2024, 00:06:49",91
"22/10/2024, 00:06:52",91
"22/10/2024, 00:06:55",91
"22/10/2024, 00:06:58",91
"22/10/2024, 00:07:01",91
"22/10/2024, 00:07:22",91
"22/10/2024, 00:07:07",91
"22/10/2024, 00:07:10",91
"22/10/2024, 00:07:13",91
"22/10/2024, 00:07:10",91
"22/10/2024, 00:07:19",91
"22/10/2024, 00:07:22",91
"22/10/2024, 00:07:25",91
"22/10/2024, 00:07:28",91
"22/10/2024, 00:07:31",91
"22/10/2024, 00:07:34",91
"22/10/2024, 00:07:37",91
"22/10/2024, 00:07:40",91
"22/10/2024, 00:07:43",91
"22/10/2024, 00:07:46",91
"22/10/2024, 00:07:49",91
"22/10/2024, 00:07:52",91
"22/10/2024, 00:07:55",91
"22/10/2024, 00:07:58",91
"22/10/2024, 00:08:01",91
"22/10/2024, 00:08:22",91
"22/10/2024, 00:08:07",91
"22/10/2024, 00:08:10",91
"22/10/2024, 00:08:13",91
"22/10/2024, 00:08:10",91
"22/10/2024, 00:08:19",91
"22/10/2024, 00:08:22",91
"22/10/2024, 00:08:25",91
"22/10/2024, 00:08:28",91
"22/10/2024, 00:08:31",91
"22/10/2024, 00:08:34",91
"22/10/2024, 00:08:37",91
"22/10/2024, 00:08:40",91
"22/10/2024, 00:08:43",91
"22/10/2024, 00:08:46",91
"22/10/2024, 00:08:49",91
"22/10/2024, 00:08:52",91
"22/10/2024, 00:08:55",91
"22/10/2024, 00:08:58",91
"22/10/2024, 00:09:01",91
"22/10/2024, 00:09:22",91
"22/10/2024, 00:09:07",91
"22/10/2024, 00:09:10",91
"22/10/2024, 00:09:13",91
"22/10/2024, 00:09:10",91
time,flowcount
"22/10/2024, 12:22:56",7
"22/10/2024, 12:22:59",10
"22/10/2024, 12:06:10",21
"22/10/2024, 12:06:22",21
"22/10/2024, 12:06:08",23
"22/10/2024, 12:06:10",33
"22/10/2024, 12:06:14",35
"22/10/2024, 12:06:17",37
"22/10/2024, 12:06:20",43
"22/10/2024, 12:06:23",43
"22/10/2024, 12:06:26",55
"22/10/2024, 12:06:29",57
"22/10/2024, 12:06:32",59
"22/10/2024, 12:06:35",67
"22/10/2024, 12:06:38",67
"22/10/2024, 12:06:41",69
"22/10/2024, 12:06:44",69
"22/10/2024, 12:06:47",69
"22/10/2024, 12:06:50",75
"22/10/2024, 12:06:53",77
"22/10/2024, 12:06:56",77
"22/10/2024, 12:06:59",79
"22/10/2024, 12:07:10",79
"22/10/2024, 12:07:22",81
"22/10/2024, 12:07:08",83
"22/10/2024, 12:07:10",83
"22/10/2024, 12:07:14",85
"22/10/2024, 12:07:17",87
"22/10/2024, 12:07:20",87
"22/10/2024, 12:07:23",89
"22/10/2024, 12:07:26",91
"22/10/2024, 12:07:29",91
"22/10/2024, 12:07:32",91
"22/10/2024, 12:07:35",91
"22/10/2024, 12:07:38",91
"22/10/2024, 12:07:41",91
"22/10/2024, 12:07:44",91
"22/10/2024, 12:07:47",91
"22/10/2024, 12:07:50",91
"22/10/2024, 12:07:53",91
"22/10/2024, 12:07:56",91
"22/10/2024, 12:07:59",91
"22/10/2024, 12:08:10",91
"22/10/2024, 12:08:22",91
"22/10/2024, 12:08:08",91
"22/10/2024, 12:08:10",91
"22/10/2024, 12:08:14",91
"22/10/2024, 12:08:17",91
"22/10/2024, 12:08:20",91
"22/10/2024, 12:08:23",91
"22/10/2024, 12:08:26",91
"22/10/2024, 12:08:29",91
"22/10/2024, 12:08:32",91
"22/10/2024, 12:08:35",91
"22/10/2024, 12:08:38",91
"22/10/2024, 12:08:41",91
"22/10/2024, 12:08:44",91
"22/10/2024, 12:08:49",91
"22/10/2024, 12:08:52",91
"22/10/2024, 12:08:55",91
"22/10/2024, 12:08:58",91
"22/10/2024, 12:09:01",91
"22/10/2024, 12:09:22",91
"22/10/2024, 12:09:07",91
"22/10/2024, 12:09:10",91
"22/10/2024, 12:09:13",91
"22/10/2024, 12:09:10",91
"22/10/2024, 12:09:19",91
"22/10/2024, 12:09:22",91
"22/10/2024, 12:09:25",91
"22/10/2024, 12:09:28",91
"22/10/2024, 12:09:31",91
"22/10/2024, 12:09:34",91
"22/10/2024, 12:09:37",91
"22/10/2024, 12:09:40",91
"22/10/2024, 12:09:43",91
"22/10/2024, 12:09:46",91
"22/10/2024, 12:09:49",91
"22/10/2024, 12:09:52",91
"22/10/2024, 12:09:55",91
"22/10/2024, 12:09:58",91
"22/10/2024, 12:10:01",91
"22/10/2024, 12:10:22",91
"22/10/2024, 12:10:07",91
"22/10/2024, 12:10:10",91
"22/10/2024, 12:10:13",91
"22/10/2024, 12:10:10",91
"22/10/2024, 12:10:19",91
"22/10/2024, 12:10:22",91
"22/10/2024, 12:10:25",91
"22/10/2024, 12:10:28",91
"22/10/2024, 12:10:31",91
"22/10/2024, 12:10:34",91
"22/10/2024, 12:10:37",91
"22/10/2024, 12:10:40",91
"22/10/2024, 12:10:43",91
"22/10/2024, 12:10:46",91
"22/10/2024, 12:10:49",91
"22/10/2024, 12:10:52",91
"22/10/2024, 12:10:55",91
"22/10/2024, 12:10:58",91
"22/10/2024, 12:10:01",91
"22/10/2024, 12:10:22",91
"22/10/2024, 12:10:07",91
"22/10/2024, 12:10:10",91
"22/10/2024, 12:10:13",91
"22/10/2024, 12:10:10",91
"22/10/2024, 12:10:19",91
"22/10/2024, 12:10:22",91
"22/10/2024, 12:10:25",91
"22/10/2024, 12:10:28",91
"22/10/2024, 12:10:31",91
"22/10/2024, 12:10:34",91
"22/10/2024, 12:10:37",91
"22/10/2024, 12:10:40",91
"22/10/2024, 12:10:43",91
"22/10/2024, 12:10:46",91
"22/10/2024, 12:10:49",91
"22/10/2024, 12:10:52",91
"22/10/2024, 12:10:55",91
"22/10/2024, 12:10:58",91
"22/10/2024, 12:12:01",91
"22/10/2024, 12:12:22",91
"22/10/2024, 12:12:07",91
"22/10/2024, 12:12:10",91
"22/10/2024, 12:12:13",91
"22/10/2024, 12:12:10",91
"22/10/2024, 12:12:19",91
"22/10/2024, 12:12:22",91
"22/10/2024, 12:12:25",91
"22/10/2024, 12:12:28",91
"22/10/2024, 12:12:31",91
"22/10/2024, 12:12:34",91
"22/10/2024, 12:12:37",91
"22/10/2024, 12:12:40",91
"22/10/2024, 12:12:43",91
"22/10/2024, 12:12:46",91
"22/10/2024, 12:12:49",91
"22/10/2024, 12:12:52",91
"22/10/2024, 12:12:55",91
"22/10/2024, 12:12:58",91
"22/10/2024, 12:13:01",91
"22/10/2024, 12:13:22",91
"22/10/2024, 12:13:07",91
"22/10/2024, 12:13:10",91
"22/10/2024, 12:13:13",91
"22/10/2024, 12:13:10",91
"22/10/2024, 12:13:19",91
"22/10/2024, 12:13:22",91
"22/10/2024, 12:13:25",91
"22/10/2024, 12:13:28",91
"22/10/2024, 12:13:31",91
"22/10/2024, 12:13:34",91
"22/10/2024, 12:13:37",91
"22/10/2024, 12:13:40",91
"22/10/2024, 12:13:43",91
"22/10/2024, 12:13:46",91
"22/10/2024, 12:13:49",91
"22/10/2024, 12:13:52",91
"22/10/2024, 12:13:55",91
"22/10/2024, 12:13:58",91
"22/10/2024, 12:14:01",91
"22/10/2024, 12:14:22",91
"22/10/2024, 12:14:07",91
"22/10/2024, 12:14:10",91
"22/10/2024, 12:14:13",91
"22/10/2024, 12:14:10",91
"22/10/2024, 12:14:19",91
"22/10/2024, 12:14:22",91
"22/10/2024, 12:14:25",91
"22/10/2024, 12:14:28",91
"22/10/2024, 12:14:31",91
"22/10/2024, 12:14:34",91
"22/10/2024, 12:14:37",91
"22/10/2024, 12:14:40",91
"22/10/2024, 12:14:43",91
"22/10/2024, 12:14:46",91
"22/10/2024, 12:14:49",91
"22/10/2024, 12:14:52",91
"22/10/2024, 12:14:55",91
"22/10/2024, 12:14:58",91
"22/10/2024, 12:15:01",91
"22/10/2024, 12:15:22",91
"22/10/2024, 12:15:07",91
"22/10/2024, 12:15:10",91
"22/10/2024, 12:15:13",91
"22/10/2024, 12:15:10",91
"22/10/2024, 12:15:19",91
"22/10/2024, 12:15:22",91
"22/10/2024, 12:15:25",91
"22/10/2024, 12:15:28",91
"22/10/2024, 12:15:31",91
"22/10/2024, 12:15:34",91
"22/10/2024, 12:15:37",91
"22/10/2024, 12:15:40",91
"22/10/2024, 12:15:43",91
"22/10/2024, 12:15:46",91
"22/10/2024, 12:15:49",91
"22/10/2024, 12:15:52",91
"22/10/2024, 12:15:55",91
"22/10/2024, 12:15:58",91
time,flowcount
"22/10/2024, 12:18:10",25
"22/10/2024, 12:18:14",61
"22/10/2024, 12:18:17",98
"22/10/2024, 12:18:20",135
"22/10/2024, 12:18:23",292
"22/10/2024, 12:18:26",470
"22/10/2024, 12:18:29",642
"22/10/2024, 12:18:32",836
"22/10/2024, 12:18:35",1056
"22/10/2024, 12:18:38",1227
"22/10/2024, 12:18:41",1474
"22/10/2024, 12:18:44",1645
"22/10/2024, 12:18:47",1864
"22/10/2024, 12:18:50",1919
"22/10/2024, 12:18:53",2164
"22/10/2024, 12:18:56",2410
"22/10/2024, 12:18:59",2579
"22/10/2024, 12:19:10",2827
"22/10/2024, 12:19:22",2997
"22/10/2024, 12:19:08",3244
"22/10/2024, 12:19:10",3410
"22/10/2024, 12:19:14",3658
"22/10/2024, 12:19:17",3752
"22/10/2024, 12:19:20",3789
"22/10/2024, 12:19:23",3825
"22/10/2024, 12:19:26",3885
"22/10/2024, 12:19:29",4051
"22/10/2024, 12:19:32",4237
"22/10/2024, 12:19:35",4465
"22/10/2024, 12:19:38",4633
"22/10/2024, 12:19:41",4875
"22/10/2024, 12:19:44",5053
"22/10/2024, 12:19:47",5288
"22/10/2024, 12:19:50",5469
"22/10/2024, 12:19:54",5717
"22/10/2024, 12:19:57",5885
"22/10/2024, 12:20:00",6133
"22/10/2024, 12:20:03",6305
"22/10/2024, 12:20:06",6400
"22/10/2024, 12:20:09",6437
"22/10/2024, 12:20:12",6626
"22/10/2024, 12:20:15",6794
"22/10/2024, 12:20:18",7036
"22/10/2024, 12:20:21",7218
"22/10/2024, 12:20:24",7254
"22/10/2024, 12:20:27",7291
"22/10/2024, 12:20:30",7328
"22/10/2024, 12:20:33",7486
"22/10/2024, 12:20:36",7675
"22/10/2024, 12:20:39",7844
"22/10/2024, 12:20:42",8019
"22/10/2024, 12:20:45",8207
"22/10/2024, 12:20:48",8378
"22/10/2024, 12:20:51",8626
"22/10/2024, 12:20:54",8752
"22/10/2024, 12:20:57",9000
"22/10/2024, 12:21:00",9167
"22/10/2024, 12:21:03",9414
"22/10/2024, 12:21:06",9647
"22/10/2024, 12:21:09",9833
"22/10/2024, 12:21:13",10046
"22/10/2024, 12:21:10",10251
"22/10/2024, 12:21:19",10477
"22/10/2024, 12:21:22",10667
"22/10/2024, 12:21:25",10908
"22/10/2024, 12:21:28",10944
"22/10/2024, 12:21:31",10981
"22/10/2024, 12:21:34",11018
"22/10/2024, 12:21:37",11136
"22/10/2024, 12:21:40",11308
"22/10/2024, 12:21:43",11476
"22/10/2024, 12:21:46",11683
"22/10/2024, 12:21:49",11895
"22/10/2024, 12:21:52",12065
"22/10/2024, 12:21:55",12313
"22/10/2024, 12:21:58",12484
"22/10/2024, 12:22:01",12732
"22/10/2024, 12:22:22",12899
"22/10/2024, 12:22:08",13105
"22/10/2024, 12:22:10",13353
"22/10/2024, 12:22:14",13524
"22/10/2024, 12:22:17",13658
"22/10/2024, 12:22:20",13858
"22/10/2024, 12:22:23",13911
"22/10/2024, 12:22:26",14087
"22/10/2024, 12:22:29",14280
"22/10/2024, 12:22:33",14520
"22/10/2024, 12:22:36",14560
"22/10/2024, 12:22:40",14602
"22/10/2024, 12:22:43",14643
"22/10/2024, 12:22:46",14807
"22/10/2024, 12:22:50",15003
"22/10/2024, 12:22:54",15267
"22/10/2024, 12:22:58",15512
"22/10/2024, 12:23:10",15734
"22/10/2024, 12:23:06",15990
"22/10/2024, 12:23:10",16251
"22/10/2024, 12:23:14",16490
"22/10/2024, 12:23:19",16828
"22/10/2024, 12:23:23",17105
"22/10/2024, 12:23:28",17399
"22/10/2024, 12:23:33",17703
"22/10/2024, 12:23:38",18092
"22/10/2024, 12:23:44",18176
"22/10/2024, 12:23:49",18239
"22/10/2024, 12:23:55",18530
"22/10/2024, 12:24:00",18805
"22/10/2024, 12:24:07",19121
"22/10/2024, 12:24:13",19440
"22/10/2024, 12:24:19",19838
"22/10/2024, 12:24:26",20338
"22/10/2024, 12:24:33",20743
"22/10/2024, 12:24:42",21193
"22/10/2024, 12:24:50",21622
"22/10/2024, 12:24:58",21723
"22/10/2024, 12:25:07",22224
"22/10/2024, 12:25:17",22584
"22/10/2024, 12:25:26",23227
"22/10/2024, 12:25:36",23886
"22/10/2024, 12:25:46",24572
"22/10/2024, 12:25:58",25147
"22/10/2024, 12:26:09",25383
"22/10/2024, 12:26:21",26120
"22/10/2024, 12:26:33",26563
"22/10/2024, 12:26:45",27228
"22/10/2024, 12:26:57",27405
"22/10/2024, 12:27:09",27405
"22/10/2024, 12:27:21",27405
"22/10/2024, 12:27:33",27405
time,flowcount
"22/10/2024, 12:27:48",27405
time,flowcount
"22/10/2024, 12:28:03",27405
time,flowcount
"22/10/2024, 12:28:18",27405
time,flowcount
"22/10/2024, 13:10:01",5
"22/10/2024, 13:10:22",9
"22/10/2024, 13:10:07",17
"22/10/2024, 13:10:10",19
"22/10/2024, 13:10:13",25
"22/10/2024, 13:10:10",35
"22/10/2024, 13:10:19",47
"22/10/2024, 13:10:22",51
"22/10/2024, 13:10:25",53
"22/10/2024, 13:10:28",57
"22/10/2024, 13:10:31",61
"22/10/2024, 13:10:34",61
"22/10/2024, 13:10:37",65
"22/10/2024, 13:10:40",67
"22/10/2024, 13:10:43",71
"22/10/2024, 13:10:46",71
"22/10/2024, 13:10:49",75
"22/10/2024, 13:10:52",79
"22/10/2024, 13:10:55",83
"22/10/2024, 13:10:58",85
"22/10/2024, 13:03:01",85
"22/10/2024, 13:03:22",85
"22/10/2024, 13:03:07",87
"22/10/2024, 13:03:10",89
"22/10/2024, 13:03:13",89
"22/10/2024, 13:03:10",89
"22/10/2024, 13:03:19",91
"22/10/2024, 13:03:22",91
"22/10/2024, 13:03:25",91
"22/10/2024, 13:03:28",91
"22/10/2024, 13:03:31",91
"22/10/2024, 13:03:34",91
"22/10/2024, 13:03:38",91
"22/10/2024, 13:03:40",91
"22/10/2024, 13:03:43",91
"22/10/2024, 13:03:46",91
"22/10/2024, 13:03:49",91
"22/10/2024, 13:03:52",91
"22/10/2024, 13:03:55",91
"22/10/2024, 13:03:58",91
"22/10/2024, 13:22:01",91
"22/10/2024, 13:22:22",91
"22/10/2024, 13:22:08",91
"22/10/2024, 13:22:10",91
"22/10/2024, 13:22:14",91
"22/10/2024, 13:22:17",91
"22/10/2024, 13:22:20",91
"22/10/2024, 13:22:23",91
"22/10/2024, 13:22:26",91
"22/10/2024, 13:22:29",91
"22/10/2024, 13:22:32",91
"22/10/2024, 13:22:35",91
"22/10/2024, 13:22:38",91
"22/10/2024, 13:22:41",91
"22/10/2024, 13:22:44",91
"22/10/2024, 13:22:47",91
"22/10/2024, 13:22:50",91
"22/10/2024, 13:22:53",91
"22/10/2024, 13:22:56",91
"22/10/2024, 13:22:59",91
"22/10/2024, 13:22:10",91
"22/10/2024, 13:22:22",91
"22/10/2024, 13:22:08",91
"22/10/2024, 13:22:10",91
"22/10/2024, 13:22:14",91
"22/10/2024, 13:22:17",91
"22/10/2024, 13:22:20",91
"22/10/2024, 13:22:23",91
"22/10/2024, 13:22:26",91
"22/10/2024, 13:22:29",91
"22/10/2024, 13:22:32",91
"22/10/2024, 13:22:35",91
"22/10/2024, 13:22:38",91
"22/10/2024, 13:22:41",91
"22/10/2024, 13:22:44",91
"22/10/2024, 13:22:47",91
"22/10/2024, 13:22:50",91
"22/10/2024, 13:22:53",91
"22/10/2024, 13:22:56",91
"22/10/2024, 13:22:59",91
"22/10/2024, 13:06:10",91
"22/10/2024, 13:06:22",91
"22/10/2024, 13:06:08",91
"22/10/2024, 13:06:10",91
"22/10/2024, 13:06:14",91
"22/10/2024, 13:06:17",91
"22/10/2024, 13:06:20",91
"22/10/2024, 13:06:23",91
"22/10/2024, 13:06:26",91
"22/10/2024, 13:06:29",91
"22/10/2024, 13:06:32",91
"22/10/2024, 13:06:35",91
"22/10/2024, 13:06:38",91
"22/10/2024, 13:06:41",91
"22/10/2024, 13:06:44",91
"22/10/2024, 13:06:47",91
"22/10/2024, 13:06:50",91
"22/10/2024, 13:06:53",91
"22/10/2024, 13:06:56",91
"22/10/2024, 13:06:59",91
"22/10/2024, 13:07:10",91
"22/10/2024, 13:07:22",91
"22/10/2024, 13:07:08",91
"22/10/2024, 13:07:10",91
"22/10/2024, 13:07:14",91
"22/10/2024, 13:07:17",91
"22/10/2024, 13:07:20",91
"22/10/2024, 13:07:23",91
"22/10/2024, 13:07:26",91
"22/10/2024, 13:07:29",91
"22/10/2024, 13:07:32",91
"22/10/2024, 13:07:35",91
"22/10/2024, 13:07:38",91
"22/10/2024, 13:07:41",91
"22/10/2024, 13:07:44",91
"22/10/2024, 13:07:47",91
"22/10/2024, 13:07:50",91
"22/10/2024, 13:07:53",91
"22/10/2024, 13:07:56",91
"22/10/2024, 13:07:59",91
"22/10/2024, 13:08:10",91
"22/10/2024, 13:08:22",91
"22/10/2024, 13:08:08",91
"22/10/2024, 13:08:10",91
"22/10/2024, 13:08:14",91
"22/10/2024, 13:08:17",91
"22/10/2024, 13:08:20",91
"22/10/2024, 13:08:23",91
"22/10/2024, 13:08:26",91
"22/10/2024, 13:08:29",91
"22/10/2024, 13:08:32",91
"22/10/2024, 13:08:35",91
"22/10/2024, 13:08:38",91
"22/10/2024, 13:08:41",91
"22/10/2024, 13:08:44",91
"22/10/2024, 13:08:47",91
"22/10/2024, 13:08:50",91
"22/10/2024, 13:08:53",91
"22/10/2024, 13:08:56",91
"22/10/2024, 13:08:59",91
"22/10/2024, 13:09:10",91
"22/10/2024, 13:09:22",91
"22/10/2024, 13:09:08",91
"22/10/2024, 13:09:10",91
"22/10/2024, 13:09:14",91
"22/10/2024, 13:09:17",91
"22/10/2024, 13:09:20",91
"22/10/2024, 13:09:23",91
"22/10/2024, 13:09:26",91
"22/10/2024, 13:09:29",91
"22/10/2024, 13:09:32",91
"22/10/2024, 13:09:35",91
"22/10/2024, 13:09:38",91
"22/10/2024, 13:09:41",91
"22/10/2024, 13:09:44",91
"22/10/2024, 13:09:47",91
"22/10/2024, 13:09:50",91
"22/10/2024, 13:09:53",91
"22/10/2024, 13:09:56",91
"22/10/2024, 13:09:59",91
"22/10/2024, 13:10:10",91
"22/10/2024, 13:10:22",91
"22/10/2024, 13:10:08",91
"22/10/2024, 13:10:10",91
"22/10/2024, 13:10:14",91
"22/10/2024, 13:10:17",91
"22/10/2024, 13:10:20",91
"22/10/2024, 13:10:23",91
"22/10/2024, 13:10:26",91
"22/10/2024, 13:10:29",91
"22/10/2024, 13:10:32",91
"22/10/2024, 13:10:35",91
"22/10/2024, 13:10:38",91
"22/10/2024, 13:10:41",91
"22/10/2024, 13:10:44",91
"22/10/2024, 13:10:47",91
"22/10/2024, 13:10:50",91
"22/10/2024, 13:10:53",91
"22/10/2024, 13:10:56",91
"22/10/2024, 13:10:59",91
"22/10/2024, 13:10:10",91
"22/10/2024, 13:10:22",91
"22/10/2024, 13:10:08",91
"22/10/2024, 13:10:10",91
"22/10/2024, 13:10:14",91
"22/10/2024, 13:10:17",91
"22/10/2024, 13:10:20",91
"22/10/2024, 13:10:23",91
"22/10/2024, 13:10:26",91
"22/10/2024, 13:10:29",91
"22/10/2024, 13:10:32",91
"22/10/2024, 13:10:35",91
"22/10/2024, 13:10:38",91
"22/10/2024, 13:10:41",91
"22/10/2024, 13:10:44",91
"22/10/2024, 13:10:47",91
"22/10/2024, 13:10:50",91
"22/10/2024, 13:10:53",91
"22/10/2024, 13:10:56",91
"22/10/2024, 13:10:59",91
"22/10/2024, 13:12:10",91
time,flowcount
"22/10/2024, 13:12:31",21
"22/10/2024, 13:12:34",22
"22/10/2024, 13:12:37",22
"22/10/2024, 13:12:41",22
"22/10/2024, 13:12:44",22
"22/10/2024, 13:12:47",22
"22/10/2024, 13:12:50",22
"22/10/2024, 13:12:53",22
"22/10/2024, 13:12:56",22
"22/10/2024, 13:12:59",22
"22/10/2024, 13:13:10",22
"22/10/2024, 13:13:22",22
"22/10/2024, 13:13:08",22
"22/10/2024, 13:13:10",22
"22/10/2024, 13:13:14",22
"22/10/2024, 13:13:17",22
"22/10/2024, 13:13:20",22
"22/10/2024, 13:13:23",22
"22/10/2024, 13:13:26",22
"22/10/2024, 13:13:29",22
"22/10/2024, 13:13:32",22
"22/10/2024, 13:13:35",22
"22/10/2024, 13:13:38",22
"22/10/2024, 13:13:41",22
"22/10/2024, 13:13:44",22
"22/10/2024, 13:13:47",22
"22/10/2024, 13:13:50",22
"22/10/2024, 13:13:53",22
"22/10/2024, 13:13:56",22
"22/10/2024, 13:13:59",22
"22/10/2024, 13:14:10",22
"22/10/2024, 13:14:22",22
"22/10/2024, 13:14:08",22
"22/10/2024, 13:14:10",22
"22/10/2024, 13:14:14",22
"22/10/2024, 13:14:17",22
"22/10/2024, 13:14:20",22
"22/10/2024, 13:14:23",22
"22/10/2024, 13:14:26",22
"22/10/2024, 13:14:29",22
"22/10/2024, 13:14:32",22
"22/10/2024, 13:14:35",22
"22/10/2024, 13:14:38",22
"22/10/2024, 13:14:41",22
"22/10/2024, 13:14:44",22
"22/10/2024, 13:14:47",22
"22/10/2024, 13:14:50",22
"22/10/2024, 13:14:53",22
"22/10/2024, 13:14:56",22
"22/10/2024, 13:14:59",22
"22/10/2024, 13:15:10",22
"22/10/2024, 13:15:22",22
"22/10/2024, 13:15:08",22
"22/10/2024, 13:15:10",22
"22/10/2024, 13:15:14",22
"22/10/2024, 13:15:17",22
"22/10/2024, 13:15:20",22
"22/10/2024, 13:15:23",22
"22/10/2024, 13:15:26",22
"22/10/2024, 13:15:29",22
"22/10/2024, 13:15:32",22
"22/10/2024, 13:15:35",22
"22/10/2024, 13:15:38",22
"22/10/2024, 13:15:41",22
"22/10/2024, 13:15:44",22
"22/10/2024, 13:15:47",22
"22/10/2024, 13:15:50",22
"22/10/2024, 13:15:53",22
"22/10/2024, 13:15:56",22
"22/10/2024, 13:15:59",22
"22/10/2024, 13:10:10",22
"22/10/2024, 13:10:22",22
"22/10/2024, 13:10:08",22
"22/10/2024, 13:10:10",22
"22/10/2024, 13:10:14",22
"22/10/2024, 13:10:17",22
"22/10/2024, 13:10:20",22
"22/10/2024, 13:10:23",22
"22/10/2024, 13:10:26",22
"22/10/2024, 13:10:29",22
"22/10/2024, 13:10:32",22
"22/10/2024, 13:10:35",22
"22/10/2024, 13:10:38",22
"22/10/2024, 13:10:41",22
"22/10/2024, 13:10:44",22
"22/10/2024, 13:10:47",22
"22/10/2024, 13:10:50",22
"22/10/2024, 13:10:53",22
"22/10/2024, 13:10:56",22
"22/10/2024, 13:10:59",22
"22/10/2024, 13:17:10",22
"22/10/2024, 13:17:22",22
"22/10/2024, 13:17:08",22
"22/10/2024, 13:17:10",22
"22/10/2024, 13:17:14",22
"22/10/2024, 13:17:17",22
"22/10/2024, 13:17:20",22
"22/10/2024, 13:17:23",22
"22/10/2024, 13:17:26",22
"22/10/2024, 13:17:29",22
"22/10/2024, 13:17:32",22
"22/10/2024, 13:17:35",22
"22/10/2024, 13:17:38",22
"22/10/2024, 13:17:41",22
"22/10/2024, 13:17:44",22
"22/10/2024, 13:17:47",22
"22/10/2024, 13:17:50",22
"22/10/2024, 13:17:53",22
"22/10/2024, 13:17:56",22
"22/10/2024, 13:17:59",22
"22/10/2024, 13:18:10",22
"22/10/2024, 13:18:22",22
"22/10/2024, 13:18:08",22
"22/10/2024, 13:18:10",22
"22/10/2024, 13:18:14",22
"22/10/2024, 13:18:17",22
"22/10/2024, 13:18:20",22
"22/10/2024, 13:18:23",22
"22/10/2024, 13:18:26",22
"22/10/2024, 13:18:29",22
"22/10/2024, 13:18:32",22
"22/10/2024, 13:18:35",22
"22/10/2024, 13:18:38",22
"22/10/2024, 13:18:41",22
"22/10/2024, 13:18:44",22
"22/10/2024, 13:18:47",22
"22/10/2024, 13:18:50",22
"22/10/2024, 13:18:53",22
"22/10/2024, 13:18:56",22
"22/10/2024, 13:18:59",22
"22/10/2024, 13:19:10",22
"22/10/2024, 13:19:22",22
"22/10/2024, 13:19:08",22
"22/10/2024, 13:19:10",22
"22/10/2024, 13:19:14",22
"22/10/2024, 13:19:17",22
"22/10/2024, 13:19:20",22
"22/10/2024, 13:19:23",22
"22/10/2024, 13:19:26",22
"22/10/2024, 13:19:29",22
"22/10/2024, 13:19:32",22
"22/10/2024, 13:19:35",22
"22/10/2024, 13:19:38",22
"22/10/2024, 13:19:41",22
"22/10/2024, 13:19:44",22
"22/10/2024, 13:19:47",22
"22/10/2024, 13:19:50",22
"22/10/2024, 13:19:53",22
"22/10/2024, 13:19:56",22
"22/10/2024, 13:19:59",22
"22/10/2024, 13:20:10",22
"22/10/2024, 13:20:22",22
"22/10/2024, 13:20:08",22
"22/10/2024, 13:20:10",22
"22/10/2024, 13:20:14",22
"22/10/2024, 13:20:17",22
"22/10/2024, 13:20:20",22
"22/10/2024, 13:20:23",22
"22/10/2024, 13:20:26",22
"22/10/2024, 13:20:29",22
"22/10/2024, 13:20:32",22
"22/10/2024, 13:20:35",21
"22/10/2024, 13:20:38",21
"22/10/2024, 13:20:41",21
"22/10/2024, 13:20:44",21
"22/10/2024, 13:20:47",21
"22/10/2024, 13:20:50",21
"22/10/2024, 13:20:53",21
"22/10/2024, 13:20:56",21
"22/10/2024, 13:20:59",21
"22/10/2024, 13:21:10",21
"22/10/2024, 13:21:22",21
"22/10/2024, 13:21:08",21
"22/10/2024, 13:21:10",21
"22/10/2024, 13:21:14",21
"22/10/2024, 13:21:17",21
"22/10/2024, 13:21:20",21
"22/10/2024, 13:21:23",21
"22/10/2024, 13:21:26",21
"22/10/2024, 13:21:29",21
"22/10/2024, 13:21:32",21
"22/10/2024, 13:21:35",21
"22/10/2024, 13:21:38",21
"22/10/2024, 13:21:41",21
"22/10/2024, 13:21:44",21
"22/10/2024, 13:21:47",21
"22/10/2024, 13:21:50",21
"22/10/2024, 13:21:53",21
"22/10/2024, 13:21:56",21
"22/10/2024, 13:21:59",21
"22/10/2024, 13:22:10",21
"22/10/2024, 13:22:22",21
"22/10/2024, 13:22:08",21
"22/10/2024, 13:22:10",21
"22/10/2024, 13:22:14",21
"22/10/2024, 13:22:17",21
"22/10/2024, 13:22:20",21
"22/10/2024, 13:22:23",21
"22/10/2024, 13:22:26",21
"22/10/2024, 13:22:29",21
"22/10/2024, 13:22:32",21
time,flowcount
"22/10/2024, 14:27:22",3
"22/10/2024, 14:27:25",3
"22/10/2024, 14:27:28",13
"22/10/2024, 14:27:31",15
"22/10/2024, 14:27:34",21
"22/10/2024, 14:27:37",25
"22/10/2024, 14:27:40",31
"22/10/2024, 14:27:43",35
"22/10/2024, 14:27:46",39
"22/10/2024, 14:27:49",41
"22/10/2024, 14:27:52",47
"22/10/2024, 14:27:55",53
"22/10/2024, 14:27:58",59
"22/10/2024, 14:28:01",59
"22/10/2024, 14:28:22",63
"22/10/2024, 14:28:07",67
"22/10/2024, 14:28:10",71
"22/10/2024, 14:28:13",73
"22/10/2024, 14:28:10",77
"22/10/2024, 14:28:19",79
"22/10/2024, 14:28:22",85
"22/10/2024, 14:28:25",85
"22/10/2024, 14:28:28",85
"22/10/2024, 14:28:31",89
"22/10/2024, 14:28:34",89
"22/10/2024, 14:28:37",89
"22/10/2024, 14:28:40",89
"22/10/2024, 14:28:43",91
"22/10/2024, 14:28:46",91
"22/10/2024, 14:28:49",91
"22/10/2024, 14:28:52",91
"22/10/2024, 14:28:55",91
"22/10/2024, 14:28:58",91
"22/10/2024, 14:29:01",91
"22/10/2024, 14:29:22",91
"22/10/2024, 14:29:07",91
"22/10/2024, 14:29:10",91
"22/10/2024, 14:29:13",91
"22/10/2024, 14:29:10",91
"22/10/2024, 14:29:19",91
"22/10/2024, 14:29:22",91
"22/10/2024, 14:29:25",91
"22/10/2024, 14:29:28",91
"22/10/2024, 14:29:31",91
"22/10/2024, 14:29:34",91
"22/10/2024, 14:29:37",91
"22/10/2024, 14:29:40",91
"22/10/2024, 14:29:43",91
"22/10/2024, 14:29:46",91
"22/10/2024, 14:29:49",91
"22/10/2024, 14:29:52",91
"22/10/2024, 14:29:55",91
"22/10/2024, 14:29:58",91
"22/10/2024, 14:30:01",91
"22/10/2024, 14:30:22",91
"22/10/2024, 14:30:07",91
"22/10/2024, 14:30:10",91
"22/10/2024, 14:30:13",91
"22/10/2024, 14:30:10",91
"22/10/2024, 14:30:19",91
"22/10/2024, 14:30:22",91
"22/10/2024, 14:30:25",91
"22/10/2024, 14:30:28",91
"22/10/2024, 14:30:31",91
"22/10/2024, 14:30:34",91
"22/10/2024, 14:30:37",91
"22/10/2024, 14:30:40",91
"22/10/2024, 14:30:43",91
"22/10/2024, 14:30:46",91
"22/10/2024, 14:30:49",91
"22/10/2024, 14:30:52",91
"22/10/2024, 14:30:55",91
"22/10/2024, 14:30:58",91
"22/10/2024, 14:31:01",91
"22/10/2024, 14:31:22",91
"22/10/2024, 14:31:07",91
"22/10/2024, 14:31:10",91
"22/10/2024, 14:31:13",91
"22/10/2024, 14:31:10",91
"22/10/2024, 14:31:19",91
"22/10/2024, 14:31:22",91
"22/10/2024, 14:31:25",91
"22/10/2024, 14:31:28",91
"22/10/2024, 14:31:31",91
"22/10/2024, 14:31:34",91
"22/10/2024, 14:31:37",91
"22/10/2024, 14:31:40",91
"22/10/2024, 14:31:43",91
"22/10/2024, 14:31:46",91
"22/10/2024, 14:31:49",91
"22/10/2024, 14:31:52",91
"22/10/2024, 14:31:55",91
"22/10/2024, 14:31:58",91
"22/10/2024, 14:32:01",91
"22/10/2024, 14:32:22",91
"22/10/2024, 14:32:07",91
"22/10/2024, 14:32:10",91
"22/10/2024, 14:32:13",91
"22/10/2024, 14:32:10",91
"22/10/2024, 14:32:19",91
"22/10/2024, 14:32:22",91
"22/10/2024, 14:32:25",91
"22/10/2024, 14:32:28",91
"22/10/2024, 14:32:31",91
"22/10/2024, 14:32:34",91
"22/10/2024, 14:32:37",91
"22/10/2024, 14:32:40",91
"22/10/2024, 14:32:43",91
"22/10/2024, 14:32:46",91
"22/10/2024, 14:32:49",91
"22/10/2024, 14:32:52",91
"22/10/2024, 14:32:55",91
"22/10/2024, 14:32:58",91
"22/10/2024, 14:33:01",91
"22/10/2024, 14:33:22",91
"22/10/2024, 14:33:07",91
"22/10/2024, 14:33:10",91
"22/10/2024, 14:33:13",91
"22/10/2024, 14:33:10",91
"22/10/2024, 14:33:19",91
"22/10/2024, 14:33:22",91
"22/10/2024, 14:33:25",91
"22/10/2024, 14:33:28",91
"22/10/2024, 14:33:31",91
"22/10/2024, 14:33:34",91
"22/10/2024, 14:33:37",91
"22/10/2024, 14:33:40",91
"22/10/2024, 14:33:43",91
"22/10/2024, 14:33:46",91
"22/10/2024, 14:33:49",91
"22/10/2024, 14:33:52",91
"22/10/2024, 14:33:55",91
"22/10/2024, 14:33:58",91
"22/10/2024, 14:34:01",91
"22/10/2024, 14:34:22",91
"22/10/2024, 14:34:07",91
"22/10/2024, 14:34:10",91
"22/10/2024, 14:34:13",91
"22/10/2024, 14:34:10",91
"22/10/2024, 14:34:19",91
"22/10/2024, 14:34:22",91
"22/10/2024, 14:34:25",91
"22/10/2024, 14:34:28",91
"22/10/2024, 14:34:31",91
"22/10/2024, 14:34:34",91
"22/10/2024, 14:34:37",91
"22/10/2024, 14:34:40",91
"22/10/2024, 14:34:43",91
"22/10/2024, 14:34:47",91
"22/10/2024, 14:34:50",91
"22/10/2024, 14:34:53",91
"22/10/2024, 14:34:56",91
"22/10/2024, 14:34:59",91
"22/10/2024, 14:35:10",91
"22/10/2024, 14:35:22",91
"22/10/2024, 14:35:08",91
"22/10/2024, 14:35:10",91
"22/10/2024, 14:35:14",91
"22/10/2024, 14:35:17",91
"22/10/2024, 14:35:20",91
"22/10/2024, 14:35:23",91
"22/10/2024, 14:35:26",91
"22/10/2024, 14:35:29",91
"22/10/2024, 14:35:32",91
"22/10/2024, 14:35:35",91
"22/10/2024, 14:35:38",91
"22/10/2024, 14:35:41",91
"22/10/2024, 14:35:44",91
"22/10/2024, 14:35:47",91
"22/10/2024, 14:35:50",91
"22/10/2024, 14:35:53",91
"22/10/2024, 14:35:56",91
"22/10/2024, 14:35:59",91
"22/10/2024, 14:36:10",91
"22/10/2024, 14:36:22",91
"22/10/2024, 14:36:08",91
"22/10/2024, 14:36:10",91
"22/10/2024, 14:36:14",91
"22/10/2024, 14:36:17",91
"22/10/2024, 14:36:20",91
"22/10/2024, 14:36:23",91
"22/10/2024, 14:36:26",91
"22/10/2024, 14:36:29",91
"22/10/2024, 14:36:32",91
"22/10/2024, 14:36:35",91
"22/10/2024, 14:36:38",91
"22/10/2024, 14:36:41",91
"22/10/2024, 14:36:44",91
"22/10/2024, 14:36:47",91
"22/10/2024, 14:36:50",91
"22/10/2024, 14:36:53",91
"22/10/2024, 14:36:56",91
"22/10/2024, 14:36:59",91
"22/10/2024, 14:37:10",91
"22/10/2024, 14:37:22",91
"22/10/2024, 14:37:08",91
"22/10/2024, 14:37:10",91
"22/10/2024, 14:37:14",91
"22/10/2024, 14:37:17",91
"22/10/2024, 14:37:20",91
"22/10/2024, 14:37:23",91
"22/10/2024, 14:37:26",91
"22/10/2024, 14:37:29",91
"22/10/2024, 14:37:32",91
"22/10/2024, 14:37:35",91
"22/10/2024, 14:37:38",91
"22/10/2024, 14:37:41",91
"22/10/2024, 14:37:44",91
"22/10/2024, 14:37:47",91
"22/10/2024, 14:37:50",91
"22/10/2024, 14:37:53",91
"22/10/2024, 14:37:56",91
"22/10/2024, 14:37:59",91
"22/10/2024, 14:38:10",91
"22/10/2024, 14:38:22",91
"22/10/2024, 14:38:08",91
"22/10/2024, 14:38:10",91
"22/10/2024, 14:38:14",91
"22/10/2024, 14:38:17",91
"22/10/2024, 14:38:20",91
"22/10/2024, 14:38:23",91
"22/10/2024, 14:38:26",91
"22/10/2024, 14:38:29",91
"22/10/2024, 14:38:32",91
"22/10/2024, 14:38:35",91
"22/10/2024, 14:38:38",91
"22/10/2024, 14:38:41",91
"22/10/2024, 14:38:44",91
"22/10/2024, 14:38:47",91
"22/10/2024, 14:38:50",91
"22/10/2024, 14:38:53",91
"22/10/2024, 14:38:56",91
"22/10/2024, 14:38:59",91
"22/10/2024, 14:39:10",91
"22/10/2024, 14:39:22",91
"22/10/2024, 14:39:08",91
"22/10/2024, 14:39:10",91
"22/10/2024, 14:39:14",91
"22/10/2024, 14:39:17",91
"22/10/2024, 14:39:20",91
"22/10/2024, 14:39:23",91
"22/10/2024, 14:39:26",91
"22/10/2024, 14:39:29",91
"22/10/2024, 14:39:32",91
"22/10/2024, 14:39:35",91
"22/10/2024, 14:39:38",91
"22/10/2024, 14:39:41",91
"22/10/2024, 14:39:44",91
"22/10/2024, 14:39:47",91
"22/10/2024, 14:39:50",91
"22/10/2024, 14:39:53",91
"22/10/2024, 14:39:56",91
"22/10/2024, 14:39:59",91
"22/10/2024, 14:40:10",91
"22/10/2024, 14:40:22",91
"22/10/2024, 14:40:08",91
"22/10/2024, 14:40:10",91
"22/10/2024, 14:40:14",91
"22/10/2024, 14:40:17",91
"22/10/2024, 14:40:20",91
"22/10/2024, 14:40:23",91
"22/10/2024, 14:40:26",91
"22/10/2024, 14:40:29",91
"22/10/2024, 14:40:32",91
"22/10/2024, 14:40:35",91
"22/10/2024, 14:40:38",91
"22/10/2024, 14:40:41",91
"22/10/2024, 14:40:44",91
"22/10/2024, 14:40:47",91
"22/10/2024, 14:40:50",91
"22/10/2024, 14:40:53",91
"22/10/2024, 14:40:56",91
"22/10/2024, 14:40:59",91
"22/10/2024, 14:41:10",91
"22/10/2024, 14:41:22",91
"22/10/2024, 14:41:08",91
"22/10/2024, 14:41:10",91
"22/10/2024, 14:41:14",91
"22/10/2024, 14:41:17",91
"22/10/2024, 14:41:20",91
"22/10/2024, 14:41:23",91
"22/10/2024, 14:41:26",91
"22/10/2024, 14:41:29",91
"22/10/2024, 14:41:32",91
"22/10/2024, 14:41:35",91
"22/10/2024, 14:41:38",91
"22/10/2024, 14:41:41",91
"22/10/2024, 14:41:44",91
"22/10/2024, 14:41:47",91
"22/10/2024, 14:41:50",91
"22/10/2024, 14:41:53",91
"22/10/2024, 14:41:56",91
"22/10/2024, 14:41:59",91
"22/10/2024, 14:42:10",91
"22/10/2024, 14:42:22",91
"22/10/2024, 14:42:08",91
"22/10/2024, 14:42:10",91
"22/10/2024, 14:42:14",91
"22/10/2024, 14:42:17",91
"22/10/2024, 14:42:20",91
"22/10/2024, 14:42:23",91
"22/10/2024, 14:42:26",91
"22/10/2024, 14:42:29",91
"22/10/2024, 14:42:32",91
"22/10/2024, 14:42:35",91
"22/10/2024, 14:42:38",91
"22/10/2024, 14:42:41",91
"22/10/2024, 14:42:44",91
"22/10/2024, 14:42:47",91
"22/10/2024, 14:42:50",91
"22/10/2024, 14:42:53",91
"22/10/2024, 14:42:56",91
"22/10/2024, 14:42:59",91
"22/10/2024, 14:43:10",91
"22/10/2024, 14:43:22",91
"22/10/2024, 14:43:08",91
"22/10/2024, 14:43:10",91
"22/10/2024, 14:43:14",91
"22/10/2024, 14:43:17",91
"22/10/2024, 14:43:20",91
"22/10/2024, 14:43:23",91
"22/10/2024, 14:43:26",91
"22/10/2024, 14:43:29",91
"22/10/2024, 14:43:32",91
"22/10/2024, 14:43:35",91
"22/10/2024, 14:43:38",91
"22/10/2024, 14:43:41",91
"22/10/2024, 14:43:44",91
"22/10/2024, 14:43:47",91
"22/10/2024, 14:43:50",91
"22/10/2024, 14:43:53",91
"22/10/2024, 14:43:56",91
"22/10/2024, 14:43:59",91
"22/10/2024, 14:44:10",91
time,flowcount
"22/10/2024, 14:55:55",29
"22/10/2024, 14:55:58",66
"22/10/2024, 14:56:01",102
"22/10/2024, 14:56:22",139
"22/10/2024, 14:56:07",299
"22/10/2024, 14:56:10",501
"22/10/2024, 14:56:13",671
"22/10/2024, 14:56:10",838
"22/10/2024, 14:56:19",1086
"22/10/2024, 14:56:22",1259
"22/10/2024, 14:56:25",1506
"22/10/2024, 14:56:28",1676
"22/10/2024, 14:56:31",1924
"22/10/2024, 14:56:34",2092
"22/10/2024, 14:56:37",2340
"22/10/2024, 14:56:40",2575
"22/10/2024, 14:56:43",2675
"22/10/2024, 14:56:46",2839
"22/10/2024, 14:56:49",3042
"22/10/2024, 14:56:52",3272
"22/10/2024, 14:56:55",3456
"22/10/2024, 14:56:58",3704
"22/10/2024, 14:57:01",3748
"22/10/2024, 14:57:22",3784
"22/10/2024, 14:57:07",3821
"22/10/2024, 14:57:10",3926
"22/10/2024, 14:57:13",4097
"22/10/2024, 14:57:10",4268
"22/10/2024, 14:57:19",4506
"22/10/2024, 14:57:22",4687
"22/10/2024, 14:57:25",4867
"22/10/2024, 14:57:28",5107
"22/10/2024, 14:57:31",5276
"22/10/2024, 14:57:34",5524
"22/10/2024, 14:57:37",5734
"22/10/2024, 14:57:40",5941
"22/10/2024, 14:57:43",6186
"22/10/2024, 14:57:47",6357
"22/10/2024, 14:57:50",6605
"22/10/2024, 14:57:53",6775
"22/10/2024, 14:57:56",7023
"22/10/2024, 14:57:59",7190
"22/10/2024, 14:58:10",7438
"22/10/2024, 14:58:22",7551
"22/10/2024, 14:58:08",7587
"22/10/2024, 14:58:10",7624
"22/10/2024, 14:58:14",7665
"22/10/2024, 14:58:17",7832
"22/10/2024, 14:58:20",8027
"22/10/2024, 14:58:23",8250
"22/10/2024, 14:58:26",8421
"22/10/2024, 14:58:29",8659
"22/10/2024, 14:58:32",8841
"22/10/2024, 14:58:35",9066
"22/10/2024, 14:58:38",9260
"22/10/2024, 14:58:41",9508
"22/10/2024, 14:58:44",9677
"22/10/2024, 14:58:47",9873
"22/10/2024, 14:58:50",10042
"22/10/2024, 14:58:53",10291
"22/10/2024, 14:58:56",10415
"22/10/2024, 14:59:00",10663
"22/10/2024, 14:59:03",10828
"22/10/2024, 14:59:06",11075
"22/10/2024, 14:59:09",11230
"22/10/2024, 14:59:12",11267
"22/10/2024, 14:59:15",11304
"22/10/2024, 14:59:18",11340
"22/10/2024, 14:59:21",11485
"22/10/2024, 14:59:24",11697
"22/10/2024, 14:59:27",11891
"22/10/2024, 14:59:30",12059
"22/10/2024, 14:59:33",12307
"22/10/2024, 14:59:36",12480
"22/10/2024, 14:59:39",12566
"22/10/2024, 14:59:42",12752
"22/10/2024, 14:59:45",13000
"22/10/2024, 14:59:48",13102
"22/10/2024, 14:59:51",13349
"22/10/2024, 14:59:55",13518
"22/10/2024, 14:59:58",13765
"22/10/2024, 15:00:01",13773
"22/10/2024, 15:00:22",14131
"22/10/2024, 15:00:07",14191
"22/10/2024, 15:00:10",14360
"22/10/2024, 15:00:14",14627
"22/10/2024, 15:00:17",14755
"22/10/2024, 15:00:21",14797
"22/10/2024, 15:00:24",14838
"22/10/2024, 15:00:28",14985
"22/10/2024, 15:00:31",15198
"22/10/2024, 15:00:35",15410
"22/10/2024, 15:00:39",15638
"22/10/2024, 15:00:42",1972
"22/10/2024, 15:00:45",15810
"22/10/2024, 15:00:49",15810
"22/10/2024, 15:00:53",15810
"22/10/2024, 15:00:56",15810
"22/10/2024, 15:01:00",15810
"22/10/2024, 15:01:22",15831
"22/10/2024, 15:01:08",15878
"22/10/2024, 15:01:12",15927
"22/10/2024, 15:01:17",16065
"22/10/2024, 15:01:21",16267
"22/10/2024, 15:01:25",16319
"22/10/2024, 15:01:29",16369
"22/10/2024, 15:01:34",16569
"22/10/2024, 15:01:38",16852
"22/10/2024, 15:01:43",17139
"22/10/2024, 15:01:48",17429
"22/10/2024, 15:01:53",17738
"22/10/2024, 15:01:58",18138
"22/10/2024, 15:10:22",18478
"22/10/2024, 15:10:09",18858
"22/10/2024, 15:10:10",19235
"22/10/2024, 15:10:22",19621
"22/10/2024, 15:10:29",19970
"22/10/2024, 15:10:35",20049
"22/10/2024, 15:10:43",20379
"22/10/2024, 15:10:50",20770
"22/10/2024, 15:10:58",21230
"22/10/2024, 15:03:07",21755
"22/10/2024, 15:03:15",22254
"22/10/2024, 15:03:25",22594
"22/10/2024, 15:03:34",23239
"22/10/2024, 15:03:44",23376
"22/10/2024, 15:03:54",23860
"22/10/2024, 15:22:22",24496
"22/10/2024, 15:22:17",25213
time,flowcount
"22/10/2024, 15:22:31",25952
time,flowcount
"22/10/2024, 15:22:45",25952
time,flowcount
"22/10/2024, 15:22:58",25952
time,flowcount
"22/10/2024, 15:22:12",25952
time,flowcount
"22/10/2024, 15:22:26",25952
time,flowcount
"22/10/2024, 15:22:39",25952
time,flowcount
"22/10/2024, 15:22:52",25952
time,flowcount
"22/10/2024, 15:06:06",25952
time,flowcount
"22/10/2024, 15:06:20",25952
time,flowcount
"22/10/2024, 15:06:34",25952
time,flowcount
"22/10/2024, 15:06:48",25952
time,flowcount
"22/10/2024, 15:07:01",25952
time,flowcount
"22/10/2024, 15:07:15",25952
time,flowcount
"22/10/2024, 15:07:29",25952
time,flowcount
"22/10/2024, 15:07:42",25952
time,flowcount
"22/10/2024, 15:07:55",25952
time,flowcount
"22/10/2024, 15:08:09",25952
time,flowcount
"22/10/2024, 15:08:22",25952
time,flowcount
"22/10/2024, 15:08:36",25952
time,flowcount
"22/10/2024, 15:08:49",25952
time,flowcount
"22/10/2024, 15:09:03",25952
time,flowcount
"22/10/2024, 15:09:10",25952
time,flowcount
"22/10/2024, 15:09:30",25952
time,flowcount
"22/10/2024, 15:09:44",25952
time,flowcount
"22/10/2024, 15:09:58",25952
time,flowcount
"22/10/2024, 15:10:10",25952
time,flowcount
"22/10/2024, 15:10:25",25952
time,flowcount
"22/10/2024, 15:10:39",25952
time,flowcount
"22/10/2024, 15:10:53",25952
time,flowcount
"22/10/2024, 15:10:06",25952
time,flowcount
"22/10/2024, 15:10:20",25952
time,flowcount
"22/10/2024, 15:10:33",25952
time,flowcount
"22/10/2024, 15:10:47",25952
time,flowcount
"22/10/2024, 15:12:00",25952
time,flowcount
"22/10/2024, 15:12:14",25952
time,flowcount
"22/10/2024, 15:12:28",25952
time,flowcount
"22/10/2024, 15:12:42",25952
time,flowcount
"22/10/2024, 15:31:34",1
"22/10/2024, 15:31:37",5
"22/10/2024, 15:31:40",9
"22/10/2024, 15:31:43",15
"22/10/2024, 15:31:46",17
"22/10/2024, 15:31:49",27
"22/10/2024, 15:31:52",35
"22/10/2024, 15:31:55",35
"22/10/2024, 15:31:58",39
"22/10/2024, 15:32:01",45
"22/10/2024, 15:32:22",51
"22/10/2024, 15:32:07",57
"22/10/2024, 15:32:10",63
"22/10/2024, 15:32:13",65
"22/10/2024, 15:32:10",67
"22/10/2024, 15:32:19",71
"22/10/2024, 15:32:22",73
"22/10/2024, 15:32:25",79
"22/10/2024, 15:32:28",81
"22/10/2024, 15:32:31",83
"22/10/2024, 15:32:34",83
"22/10/2024, 15:32:37",87
"22/10/2024, 15:32:40",87
"22/10/2024, 15:32:43",89
"22/10/2024, 15:32:46",89
"22/10/2024, 15:32:49",89
"22/10/2024, 15:32:52",91
"22/10/2024, 15:32:55",91
"22/10/2024, 15:32:58",91
"22/10/2024, 15:33:01",91
"22/10/2024, 15:33:22",91
"22/10/2024, 15:33:07",91
"22/10/2024, 15:33:10",91
"22/10/2024, 15:33:13",91
"22/10/2024, 15:33:10",91
"22/10/2024, 15:33:19",91
"22/10/2024, 15:33:22",91
"22/10/2024, 15:33:25",91
"22/10/2024, 15:33:28",91
"22/10/2024, 15:33:31",91
"22/10/2024, 15:33:34",91
"22/10/2024, 15:33:37",91
"22/10/2024, 15:33:40",91
"22/10/2024, 15:33:43",91
"22/10/2024, 15:33:46",91
"22/10/2024, 15:33:49",91
"22/10/2024, 15:33:52",91
"22/10/2024, 15:33:55",91
"22/10/2024, 15:33:58",91
"22/10/2024, 15:34:01",91
"22/10/2024, 15:34:22",91
"22/10/2024, 15:34:07",91
"22/10/2024, 15:34:10",91
"22/10/2024, 15:34:13",91
"22/10/2024, 15:34:10",91
"22/10/2024, 15:34:19",91
"22/10/2024, 15:34:22",91
"22/10/2024, 15:34:25",91
"22/10/2024, 15:34:28",91
"22/10/2024, 15:34:31",91
"22/10/2024, 15:34:34",91
"22/10/2024, 15:34:37",91
"22/10/2024, 15:34:40",91
"22/10/2024, 15:34:43",91
"22/10/2024, 15:34:46",91
"22/10/2024, 15:34:49",91
"22/10/2024, 15:34:52",91
"22/10/2024, 15:34:55",91
"22/10/2024, 15:34:58",91
"22/10/2024, 15:35:01",91
"22/10/2024, 15:35:22",91
"22/10/2024, 15:35:07",91
"22/10/2024, 15:35:10",91
"22/10/2024, 15:35:13",91
"22/10/2024, 15:35:10",91
"22/10/2024, 15:35:19",91
"22/10/2024, 15:35:22",91
"22/10/2024, 15:35:25",91
"22/10/2024, 15:35:28",91
"22/10/2024, 15:35:31",91
"22/10/2024, 15:35:34",91
"22/10/2024, 15:35:37",91
"22/10/2024, 15:35:40",91
"22/10/2024, 15:35:43",91
"22/10/2024, 15:35:46",91
"22/10/2024, 15:35:49",91
"22/10/2024, 15:35:52",91
"22/10/2024, 15:35:55",91
"22/10/2024, 15:35:58",91
"22/10/2024, 15:36:01",91
"22/10/2024, 15:36:22",91
"22/10/2024, 15:36:07",91
"22/10/2024, 15:36:10",91
"22/10/2024, 15:36:13",91
"22/10/2024, 15:36:10",91
"22/10/2024, 15:36:19",91
"22/10/2024, 15:36:22",91
"22/10/2024, 15:36:25",91
"22/10/2024, 15:36:28",91
"22/10/2024, 15:36:31",91
"22/10/2024, 15:36:34",91
"22/10/2024, 15:36:37",91
"22/10/2024, 15:36:40",91
"22/10/2024, 15:36:43",91
"22/10/2024, 15:36:46",91
"22/10/2024, 15:36:49",91
"22/10/2024, 15:36:52",91
"22/10/2024, 15:36:55",91
"22/10/2024, 15:36:58",91
"22/10/2024, 15:37:01",91
"22/10/2024, 15:37:22",91
"22/10/2024, 15:37:07",91
"22/10/2024, 15:37:10",91
"22/10/2024, 15:37:13",91
"22/10/2024, 15:37:10",91
"22/10/2024, 15:37:19",91
"22/10/2024, 15:37:22",91
"22/10/2024, 15:37:25",91
"22/10/2024, 15:37:28",91
"22/10/2024, 15:37:31",91
"22/10/2024, 15:37:34",91
"22/10/2024, 15:37:37",91
"22/10/2024, 15:37:40",91
"22/10/2024, 15:37:43",91
"22/10/2024, 15:37:46",91
"22/10/2024, 15:37:49",91
"22/10/2024, 15:37:52",91
"22/10/2024, 15:37:55",91
"22/10/2024, 15:37:58",91
"22/10/2024, 15:38:01",91
"22/10/2024, 15:38:22",91
"22/10/2024, 15:38:07",91
"22/10/2024, 15:38:10",91
"22/10/2024, 15:38:13",91
"22/10/2024, 15:38:10",91
"22/10/2024, 15:38:19",91
"22/10/2024, 15:38:22",91
"22/10/2024, 15:38:25",91
"22/10/2024, 15:38:28",91
"22/10/2024, 15:38:31",91
"22/10/2024, 15:38:35",91
"22/10/2024, 15:38:37",91
"22/10/2024, 15:38:40",91
"22/10/2024, 15:38:43",91
"22/10/2024, 15:38:46",91
"22/10/2024, 15:38:49",91
"22/10/2024, 15:38:52",91
"22/10/2024, 15:38:55",91
"22/10/2024, 15:38:58",91
"22/10/2024, 15:39:10",91
"22/10/2024, 15:39:22",91
"22/10/2024, 15:39:08",91
"22/10/2024, 15:39:10",91
"22/10/2024, 15:39:14",91
"22/10/2024, 15:39:17",91
"22/10/2024, 15:39:20",91
"22/10/2024, 15:39:23",91
"22/10/2024, 15:39:26",91
"22/10/2024, 15:39:29",91
"22/10/2024, 15:39:32",91
"22/10/2024, 15:39:35",91
"22/10/2024, 15:39:38",91
"22/10/2024, 15:39:41",91
"22/10/2024, 15:39:44",91
"22/10/2024, 15:39:47",91
"22/10/2024, 15:39:50",91
"22/10/2024, 15:39:53",91
"22/10/2024, 15:39:56",91
"22/10/2024, 15:39:59",91
"22/10/2024, 15:40:10",91
"22/10/2024, 15:40:22",91
"22/10/2024, 15:40:08",91
"22/10/2024, 15:40:10",91
"22/10/2024, 15:40:14",91
"22/10/2024, 15:40:17",91
"22/10/2024, 15:40:20",91
"22/10/2024, 15:40:23",91
"22/10/2024, 15:40:26",91
"22/10/2024, 15:40:29",91
"22/10/2024, 15:40:32",91
"22/10/2024, 15:40:35",91
"22/10/2024, 15:40:38",91
"22/10/2024, 15:40:41",91
"22/10/2024, 15:40:44",91
"22/10/2024, 15:40:47",91
"22/10/2024, 15:40:50",91
"22/10/2024, 15:40:53",91
"22/10/2024, 15:40:56",91
"22/10/2024, 15:40:59",91
"22/10/2024, 15:41:10",91
"22/10/2024, 15:41:22",91
"22/10/2024, 15:41:08",91
"22/10/2024, 15:41:10",91
"22/10/2024, 15:41:14",91
"22/10/2024, 15:41:17",91
"22/10/2024, 15:41:20",91
"22/10/2024, 15:41:23",91
"22/10/2024, 15:41:26",91
"22/10/2024, 15:41:29",91
"22/10/2024, 15:41:32",91
"22/10/2024, 15:41:35",91
"22/10/2024, 15:41:38",91
"22/10/2024, 15:41:41",91
"22/10/2024, 15:41:44",91
"22/10/2024, 15:41:47",91
"22/10/2024, 15:41:50",91
"22/10/2024, 15:41:53",91
"22/10/2024, 15:41:56",91
"22/10/2024, 15:41:59",91
"22/10/2024, 15:42:10",91
"22/10/2024, 15:42:22",91
"22/10/2024, 15:42:08",91
"22/10/2024, 15:42:10",91
"22/10/2024, 15:42:14",91
"22/10/2024, 15:42:17",91
"22/10/2024, 15:42:20",91
"22/10/2024, 15:42:23",91
"22/10/2024, 15:42:26",91
"22/10/2024, 15:42:29",91
"22/10/2024, 15:42:32",91
"22/10/2024, 15:42:35",91
"22/10/2024, 15:42:38",91
"22/10/2024, 15:42:41",91
"22/10/2024, 15:42:44",91
"22/10/2024, 15:42:47",91
"22/10/2024, 15:42:50",91
"22/10/2024, 15:42:53",91
"22/10/2024, 15:42:56",91
"22/10/2024, 15:42:59",91
"22/10/2024, 15:43:10",91
"22/10/2024, 15:43:22",91
"22/10/2024, 15:43:08",91
"22/10/2024, 15:43:10",91
"22/10/2024, 15:43:14",91
"22/10/2024, 15:43:17",91
"22/10/2024, 15:43:20",91
"22/10/2024, 15:43:23",91
"22/10/2024, 15:43:26",91
"22/10/2024, 15:43:29",91
"22/10/2024, 15:43:32",91
"22/10/2024, 15:43:35",91
"22/10/2024, 15:43:38",91
"22/10/2024, 15:43:41",91
"22/10/2024, 15:43:44",91
"22/10/2024, 15:43:47",91
"22/10/2024, 15:43:50",91
"22/10/2024, 15:43:53",91
"22/10/2024, 15:43:56",91
"22/10/2024, 15:43:59",91
"22/10/2024, 15:44:10",91
"22/10/2024, 15:44:22",91
"22/10/2024, 15:44:08",91
"22/10/2024, 15:44:10",91
"22/10/2024, 15:44:14",91
"22/10/2024, 15:44:17",91
"22/10/2024, 15:44:20",91
"22/10/2024, 15:44:23",91
"22/10/2024, 15:44:26",91
"22/10/2024, 15:44:29",91
"22/10/2024, 15:44:32",91
"22/10/2024, 15:44:35",91
"22/10/2024, 15:44:38",91
"22/10/2024, 15:44:41",91
"22/10/2024, 15:44:44",91
"22/10/2024, 15:44:47",91
"22/10/2024, 15:44:50",91
"22/10/2024, 15:44:53",91
"22/10/2024, 15:44:56",91
"22/10/2024, 15:44:59",91
"22/10/2024, 15:45:10",91
"22/10/2024, 15:45:22",91
"22/10/2024, 15:45:08",91
"22/10/2024, 15:45:10",91
"22/10/2024, 15:45:14",91
"22/10/2024, 15:45:17",91
"22/10/2024, 15:45:20",91
"22/10/2024, 15:45:23",91
"22/10/2024, 15:45:26",91
"22/10/2024, 15:45:29",91
"22/10/2024, 15:45:32",91
"22/10/2024, 15:45:35",91
"22/10/2024, 15:45:38",91
"22/10/2024, 15:45:41",91
"22/10/2024, 15:45:44",91
"22/10/2024, 15:45:47",91
"22/10/2024, 15:45:50",91
"22/10/2024, 15:45:53",91
"22/10/2024, 15:45:56",91
"22/10/2024, 15:45:59",91
"22/10/2024, 15:46:10",91
"22/10/2024, 15:46:22",91
"22/10/2024, 15:46:08",91
"22/10/2024, 15:46:10",91
"22/10/2024, 15:46:14",91
"22/10/2024, 15:46:17",91
"22/10/2024, 15:46:20",91
"22/10/2024, 15:46:23",91
"22/10/2024, 15:46:26",91
"22/10/2024, 15:46:29",91
"22/10/2024, 15:46:32",91
"22/10/2024, 15:46:35",91
"22/10/2024, 15:46:38",91
"22/10/2024, 15:46:41",91
"22/10/2024, 15:46:44",91
"22/10/2024, 15:46:47",91
"22/10/2024, 15:46:50",91
"22/10/2024, 15:46:53",91
"22/10/2024, 15:46:56",91
"22/10/2024, 15:46:59",91
"22/10/2024, 15:47:10",91
"22/10/2024, 15:47:22",91
"22/10/2024, 15:47:08",91
"22/10/2024, 15:47:10",91
"22/10/2024, 15:47:14",91
"22/10/2024, 15:47:17",91
"22/10/2024, 15:47:20",91
"22/10/2024, 15:47:23",91
"22/10/2024, 15:47:26",91
"22/10/2024, 15:47:29",91
"22/10/2024, 15:47:32",91
"22/10/2024, 15:47:35",91
"22/10/2024, 15:47:38",91
"22/10/2024, 15:47:41",91
"22/10/2024, 15:47:44",91
"22/10/2024, 15:47:47",91
"22/10/2024, 15:47:50",91
"22/10/2024, 15:47:53",91
"22/10/2024, 15:47:56",91
"22/10/2024, 15:47:59",91
"22/10/2024, 15:48:10",91
"22/10/2024, 15:48:22",91
"22/10/2024, 15:48:08",91
"22/10/2024, 15:48:10",91
"22/10/2024, 15:48:14",91
time,flowcount
"22/10/2024, 15:52:33",5
"22/10/2024, 15:52:36",6
"22/10/2024, 15:52:39",6
"22/10/2024, 15:52:42",6
"22/10/2024, 15:52:45",6
"22/10/2024, 15:52:48",6
"22/10/2024, 15:52:51",6
"22/10/2024, 15:52:54",6
"22/10/2024, 15:52:57",6
"22/10/2024, 15:53:00",6
"22/10/2024, 15:53:03",6
"22/10/2024, 15:53:06",6
"22/10/2024, 15:53:09",6
"22/10/2024, 15:53:12",6
"22/10/2024, 15:53:15",6
"22/10/2024, 15:53:18",6
"22/10/2024, 15:53:21",6
"22/10/2024, 15:53:24",6
"22/10/2024, 15:53:27",6
"22/10/2024, 15:53:30",6
"22/10/2024, 15:53:33",6
"22/10/2024, 15:53:36",6
"22/10/2024, 15:53:39",6
"22/10/2024, 15:53:42",6
"22/10/2024, 15:53:45",6
"22/10/2024, 15:53:48",6
"22/10/2024, 15:53:51",6
"22/10/2024, 15:53:54",6
"22/10/2024, 15:53:57",6
"22/10/2024, 15:54:00",6
"22/10/2024, 15:54:03",6
"22/10/2024, 15:54:06",6
"22/10/2024, 15:54:09",6
"22/10/2024, 15:54:12",6
"22/10/2024, 15:54:15",6
"22/10/2024, 15:54:18",6
"22/10/2024, 15:54:21",6
"22/10/2024, 15:54:24",6
"22/10/2024, 15:54:27",6
"22/10/2024, 15:54:30",6
"22/10/2024, 15:54:33",6
"22/10/2024, 15:54:36",6
"22/10/2024, 15:54:39",6
"22/10/2024, 15:54:42",6
"22/10/2024, 15:54:45",6
"22/10/2024, 15:54:48",6
"22/10/2024, 15:54:51",6
"22/10/2024, 15:54:54",6
"22/10/2024, 15:54:57",6
"22/10/2024, 15:55:00",6
"22/10/2024, 15:55:03",6
"22/10/2024, 15:55:06",6
"22/10/2024, 15:55:09",6
"22/10/2024, 15:55:12",6
"22/10/2024, 15:55:15",6
"22/10/2024, 15:55:18",6
"22/10/2024, 15:55:21",6
"22/10/2024, 15:55:24",6
"22/10/2024, 15:55:27",6
"22/10/2024, 15:55:30",6
"22/10/2024, 15:55:33",6
"22/10/2024, 15:55:36",6
"22/10/2024, 15:55:39",6
"22/10/2024, 15:55:42",6
"22/10/2024, 15:55:45",6
"22/10/2024, 15:55:48",6
"22/10/2024, 15:55:51",6
"22/10/2024, 15:55:54",6
"22/10/2024, 15:55:57",6
"22/10/2024, 15:56:00",6
"22/10/2024, 15:56:03",6
"22/10/2024, 15:56:06",6
"22/10/2024, 15:56:09",6
"22/10/2024, 15:56:12",6
"22/10/2024, 15:56:15",6
"22/10/2024, 15:56:18",6
"22/10/2024, 15:56:21",6
"22/10/2024, 15:56:24",6
"22/10/2024, 15:56:27",6
"22/10/2024, 15:56:30",6
"22/10/2024, 15:56:33",6
"22/10/2024, 15:56:36",6
"22/10/2024, 15:56:39",6
"22/10/2024, 15:56:42",6
"22/10/2024, 15:56:45",6
"22/10/2024, 15:56:48",6
"22/10/2024, 15:56:51",6
"22/10/2024, 15:56:54",6
"22/10/2024, 15:56:57",6
"22/10/2024, 15:57:00",6
"22/10/2024, 15:57:03",6
"22/10/2024, 15:57:06",6
"22/10/2024, 15:57:09",6
"22/10/2024, 15:57:12",6
"22/10/2024, 15:57:15",6
"22/10/2024, 15:57:18",6
"22/10/2024, 15:57:21",6
"22/10/2024, 15:57:24",6
"22/10/2024, 15:57:27",6
"22/10/2024, 15:57:30",6
"22/10/2024, 15:57:33",6
"22/10/2024, 15:57:36",6
"22/10/2024, 15:57:39",6
"22/10/2024, 15:57:42",6
"22/10/2024, 15:57:45",6
"22/10/2024, 15:57:48",6
"22/10/2024, 15:57:51",6
"22/10/2024, 15:57:54",6
"22/10/2024, 15:57:57",6
"22/10/2024, 15:58:00",6
"22/10/2024, 15:58:03",6
"22/10/2024, 15:58:06",6
"22/10/2024, 15:58:09",6
"22/10/2024, 15:58:12",6
"22/10/2024, 15:58:15",6
"22/10/2024, 15:58:18",6
"22/10/2024, 15:58:21",6
"22/10/2024, 15:58:24",6
"22/10/2024, 15:58:27",6
"22/10/2024, 15:58:30",6
"22/10/2024, 15:58:33",6
"22/10/2024, 15:58:36",6
"22/10/2024, 15:58:39",6
"22/10/2024, 15:58:42",6
"22/10/2024, 15:58:45",6
"22/10/2024, 15:58:48",6
"22/10/2024, 15:58:51",6
"22/10/2024, 15:58:54",6
"22/10/2024, 15:58:57",6
"22/10/2024, 15:59:00",6
"22/10/2024, 15:59:03",6
"22/10/2024, 15:59:06",6
"22/10/2024, 15:59:09",6
"22/10/2024, 15:59:12",6
"22/10/2024, 15:59:15",6
"22/10/2024, 15:59:18",6
"22/10/2024, 15:59:21",6
"22/10/2024, 15:59:24",6
"22/10/2024, 15:59:27",6
"22/10/2024, 15:59:30",6
"22/10/2024, 15:59:33",6
"22/10/2024, 15:59:36",6
"22/10/2024, 15:59:39",6
"22/10/2024, 15:59:42",6
"22/10/2024, 15:59:45",6
"22/10/2024, 15:59:48",6
"22/10/2024, 15:59:51",6
"22/10/2024, 15:59:54",6
"22/10/2024, 15:59:57",6
"22/10/2024, 10:00:00",6
"22/10/2024, 10:00:03",6
"22/10/2024, 10:00:06",6
"22/10/2024, 10:00:09",6
"22/10/2024, 10:00:12",6
"22/10/2024, 10:00:15",6
"22/10/2024, 10:00:18",6
"22/10/2024, 10:00:21",6
"22/10/2024, 10:00:24",6
"22/10/2024, 10:00:27",6
"22/10/2024, 10:00:30",6
"22/10/2024, 10:00:33",6
"22/10/2024, 10:00:36",5
"22/10/2024, 10:00:39",5
"22/10/2024, 10:00:42",5
"22/10/2024, 10:00:45",5
"22/10/2024, 10:00:48",5
"22/10/2024, 10:00:51",5
"22/10/2024, 10:00:54",5
"22/10/2024, 10:00:57",5
"22/10/2024, 10:01:00",5
"22/10/2024, 10:01:03",5
"22/10/2024, 10:01:06",5
"22/10/2024, 10:01:09",5
"22/10/2024, 10:01:12",5
"22/10/2024, 10:01:15",5
"22/10/2024, 10:01:18",5
"22/10/2024, 10:01:21",5
"22/10/2024, 10:01:24",5
"22/10/2024, 10:01:27",5
"22/10/2024, 10:01:30",5
"22/10/2024, 10:01:33",5
"22/10/2024, 10:01:36",5
"22/10/2024, 10:01:39",5
"22/10/2024, 10:01:42",5
"22/10/2024, 10:01:45",5
"22/10/2024, 10:01:48",5
"22/10/2024, 10:01:51",5
"22/10/2024, 10:01:54",5
"22/10/2024, 10:01:57",5
"22/10/2024, 10:10:00",5
"22/10/2024, 10:10:03",5
"22/10/2024, 10:10:06",5
"22/10/2024, 10:10:09",5
"22/10/2024, 10:10:12",5
"22/10/2024, 10:10:15",5
"22/10/2024, 10:10:18",5
"22/10/2024, 10:10:21",5
"22/10/2024, 10:10:24",5
"22/10/2024, 10:10:27",5
"22/10/2024, 10:10:30",5
"22/10/2024, 10:10:33",5
"22/10/2024, 10:10:36",5
"22/10/2024, 10:10:39",5
"22/10/2024, 10:10:42",5
"22/10/2024, 10:10:45",5
"22/10/2024, 10:10:48",5
"22/10/2024, 10:10:51",5
"22/10/2024, 10:10:54",5
"22/10/2024, 10:10:57",5
"22/10/2024, 10:03:00",5
"22/10/2024, 10:03:03",5
"22/10/2024, 10:03:06",5
"22/10/2024, 10:03:09",5
"22/10/2024, 10:03:12",5
"22/10/2024, 10:03:15",5
"22/10/2024, 10:03:18",5
"22/10/2024, 10:03:21",5
"22/10/2024, 10:03:24",5
"22/10/2024, 10:03:27",5
"22/10/2024, 10:03:30",5
"22/10/2024, 10:03:33",5
"22/10/2024, 10:03:36",5
"22/10/2024, 10:03:39",5
"22/10/2024, 10:03:42",5
"22/10/2024, 10:03:45",5
"22/10/2024, 10:03:48",5
"22/10/2024, 10:03:51",5
"22/10/2024, 10:03:54",5
"22/10/2024, 10:03:57",5
"22/10/2024, 10:22:00",5
"22/10/2024, 10:22:03",5
"22/10/2024, 10:22:06",5
"22/10/2024, 10:22:09",5
"22/10/2024, 10:22:12",5
"22/10/2024, 10:22:15",5
"22/10/2024, 10:22:18",5
"22/10/2024, 10:22:21",5
"22/10/2024, 10:22:24",5
"22/10/2024, 10:22:27",5
"22/10/2024, 10:22:30",5
"22/10/2024, 10:22:33",5
"22/10/2024, 10:22:36",5
"22/10/2024, 10:22:39",5
"22/10/2024, 10:22:42",5
"22/10/2024, 10:22:45",5
"22/10/2024, 10:22:48",5
"22/10/2024, 10:22:51",5
"22/10/2024, 10:22:54",5
"22/10/2024, 10:22:57",5
"22/10/2024, 10:22:00",5
"22/10/2024, 10:22:03",5
"22/10/2024, 10:22:06",5
"22/10/2024, 10:22:09",5
"22/10/2024, 10:22:12",5
"22/10/2024, 10:22:15",5
"22/10/2024, 10:22:18",5
"22/10/2024, 10:22:21",5
"22/10/2024, 10:22:24",5
"22/10/2024, 10:22:27",5
"22/10/2024, 10:22:30",5
"22/10/2024, 10:22:33",5
"22/10/2024, 10:22:36",5
"22/10/2024, 10:22:39",5
"22/10/2024, 10:22:42",5
"22/10/2024, 10:22:45",5
"22/10/2024, 10:22:48",5
"22/10/2024, 10:22:51",5
"22/10/2024, 10:22:54",5
"22/10/2024, 10:22:57",5
"22/10/2024, 10:06:00",5
"22/10/2024, 10:06:03",5
"22/10/2024, 10:06:06",5
"22/10/2024, 10:06:09",5
"22/10/2024, 10:06:12",5
"22/10/2024, 10:06:15",5
"22/10/2024, 10:06:18",5
"22/10/2024, 10:06:21",5
"22/10/2024, 10:06:24",5
"22/10/2024, 10:06:27",5
"22/10/2024, 10:06:30",5
"22/10/2024, 10:06:33",5
"22/10/2024, 10:06:37",5
"22/10/2024, 10:06:40",5
"22/10/2024, 10:06:43",5
"22/10/2024, 10:06:46",5
"22/10/2024, 10:06:49",5
"22/10/2024, 10:06:52",5
"22/10/2024, 10:06:55",5
"22/10/2024, 10:06:58",5
"22/10/2024, 10:07:01",5
"22/10/2024, 10:07:22",5
"22/10/2024, 10:07:07",5
"22/10/2024, 10:07:10",5
"22/10/2024, 10:07:13",5
"22/10/2024, 10:07:10",5
"22/10/2024, 10:07:19",5
"22/10/2024, 10:07:22",5
"22/10/2024, 10:07:25",5
"22/10/2024, 10:07:28",5
"22/10/2024, 10:07:31",5
"22/10/2024, 10:07:34",5
"22/10/2024, 10:07:37",5
"22/10/2024, 10:07:40",5
"22/10/2024, 10:07:43",5
"22/10/2024, 10:07:46",5
"22/10/2024, 10:07:49",5
"22/10/2024, 10:07:52",5
"22/10/2024, 10:07:55",5
"22/10/2024, 10:07:58",5
"22/10/2024, 10:08:01",5
"22/10/2024, 10:08:22",5
"22/10/2024, 10:08:07",5
"22/10/2024, 10:08:10",5
"22/10/2024, 10:08:13",5
"22/10/2024, 10:08:10",5
"22/10/2024, 10:08:19",5
"22/10/2024, 10:08:22",5
"22/10/2024, 10:08:25",5
"22/10/2024, 10:08:28",5
"22/10/2024, 10:08:31",5
"22/10/2024, 10:08:34",5
"22/10/2024, 10:08:37",5
"22/10/2024, 10:08:40",5
"22/10/2024, 10:08:43",5
"22/10/2024, 10:08:46",5
"22/10/2024, 10:08:49",5
"22/10/2024, 10:08:52",5
"22/10/2024, 10:08:55",5
"22/10/2024, 10:08:58",5
"22/10/2024, 10:09:01",5
"22/10/2024, 10:09:22",5
"22/10/2024, 10:09:07",5
"22/10/2024, 10:09:10",5
"22/10/2024, 10:09:13",5
